stud_id,lv_id,note
0,1,2
0,2,3
0,3,3
0,4,3
0,5,3
0,6,4
0,7,2
0,8,3
0,9,3
0,10,3
0,11,2
0,12,4
0,13,2
0,14,4
0,15,3
0,16,3
0,17,3
0,18,3
0,19,3
0,20,3
0,21,2
0,22,3
1,1,2
1,2,3
1,3,2
1,4,4
1,5,4
1,6,3
1,7,4
1,8,4
1,9,3
1,10,3
1,11,2
1,12,2
1,13,4
1,14,2
1,15,2
1,16,3
1,17,4
1,18,3
1,19,2
1,20,3
1,21,3
1,22,3
2,1,3
2,2,3
2,3,3
2,4,3
2,5,4
2,6,3
2,7,3
2,8,2
2,9,3
2,10,4
2,11,3
2,12,4
2,13,3
2,14,3
2,15,3
2,16,3
2,17,2
2,18,4
2,19,3
2,20,2
2,21,4
2,22,3
3,1,1
3,2,2
3,3,1
3,4,1
3,5,1
3,6,2
3,7,1
3,8,1
3,9,1
3,10,2
3,11,1
3,12,1
3,13,2
3,14,1
3,15,2
3,16,1
3,17,1
3,18,1
3,19,1
3,20,1
3,21,1
3,22,1
4,1,1
4,2,1
4,3,1
4,4,1
4,5,1
4,6,1
4,7,2
4,8,1
4,9,2
4,10,2
4,11,1
4,12,2
4,13,1
4,14,1
4,15,1
4,16,1
4,17,1
4,18,2
4,19,2
4,20,2
4,21,2
4,22,2
5,1,1
5,2,1
5,3,1
5,4,1
5,5,1
5,6,2
5,7,1
5,8,1
5,9,1
5,10,1
5,11,1
5,12,2
5,13,1
5,14,2
5,15,1
5,16,1
5,17,2
5,18,1
5,19,2
5,20,2
5,21,1
5,22,1
6,1,1
6,2,1
6,3,1
6,4,1
6,5,1
6,6,1
6,7,1
6,8,1
6,9,1
6,10,1
6,11,1
6,12,1
6,13,1
6,14,1
6,15,1
6,16,1
6,17,1
6,18,2
6,19,1
6,20,1
6,21,1
6,22,1
7,1,2
7,2,2
7,3,1
7,4,1
7,5,1
7,6,2
7,7,1
7,8,2
7,9,2
7,10,1
7,11,1
7,12,1
7,13,1
7,14,1
7,15,2
7,16,1
7,17,1
7,18,1
7,19,1
7,20,1
7,21,1
7,22,2
8,1,2
8,2,1
8,3,1
8,4,1
8,5,1
8,6,2
8,7,1
8,8,1
8,9,1
8,10,1
8,11,1
8,12,2
8,13,1
8,14,1
8,15,1
8,16,1
8,17,1
8,18,1
8,19,1
8,20,1
8,21,2
8,22,1
9,1,1
9,2,2
9,3,1
9,4,1
9,5,3
9,6,3
9,7,2
9,8,2
9,9,2
9,10,4
9,11,1
9,12,4
9,13,1
9,14,2
9,15,2
9,16,2
9,17,1
9,18,2
9,19,2
9,20,2
9,21,1
9,22,1
10,1,1
10,2,1
10,3,1
10,4,1
10,5,1
10,6,1
10,7,1
10,8,1
10,9,1
10,10,1
10,11,1
10,12,1
10,13,1
10,14,1
10,15,1
10,16,1
10,17,2
10,18,1
10,19,1
10,20,1
10,21,1
10,22,1
11,1,3
11,2,3
11,3,3
11,4,3
11,5,3
11,6,4
11,7,3
11,8,2
11,9,2
11,10,4
11,11,2
11,12,4
11,13,2
11,14,4
11,15,1
11,16,2
11,17,2
11,18,3
11,19,2
11,20,3
11,21,3
11,22,2
12,1,2
12,2,2
12,3,1
12,4,1
12,5,2
12,6,2
12,7,2
12,8,2
12,9,2
12,10,1
12,11,2
12,12,2
12,13,1
12,14,3
12,15,1
12,16,2
12,17,2
12,18,2
12,19,1
12,20,1
12,21,2
12,22,3
13,1,1
13,2,1
13,3,1
13,4,1
13,5,1
13,6,1
13,7,1
13,8,1
13,9,1
13,10,1
13,11,1
13,12,1
13,13,1
13,14,1
13,15,1
13,16,1
13,17,1
13,18,1
13,19,1
13,20,1
13,21,1
13,22,1
14,1,3
14,2,4
14,3,4
14,4,2
14,5,4
14,6,3
14,7,4
14,8,2
14,9,4
14,10,3
14,11,4
14,12,3
14,13,3
14,14,2
14,15,3
14,16,4
14,17,4
14,18,3
14,19,3
14,20,4
14,21,3
14,22,2
15,1,1
15,2,1
15,3,1
15,4,2
15,5,1
15,6,3
15,7,1
15,8,1
15,9,1
15,10,1
15,11,2
15,12,2
15,13,2
15,14,2
15,15,2
15,16,2
15,17,2
15,18,2
15,19,1
15,20,1
15,21,1
15,22,1
16,1,3
16,2,3
16,3,3
16,4,2
16,5,4
16,6,4
16,7,3
16,8,3
16,9,2
16,10,3
16,11,4
16,12,3
16,13,2
16,14,3
16,15,3
16,16,4
16,17,2
16,18,3
16,19,3
16,20,4
16,21,2
16,22,3
17,1,1
17,2,1
17,3,2
17,4,3
17,5,3
17,6,3
17,7,1
17,8,2
17,9,1
17,10,2
17,11,1
17,12,2
17,13,2
17,14,1
17,15,1
17,16,3
17,17,2
17,18,2
17,19,1
17,20,3
17,21,1
17,22,1
18,1,2
18,2,1
18,3,1
18,4,1
18,5,2
18,6,2
18,7,1
18,8,1
18,9,1
18,10,1
18,11,1
18,12,2
18,13,2
18,14,2
18,15,1
18,16,2
18,17,2
18,18,1
18,19,1
18,20,1
18,21,1
18,22,1
19,1,1
19,2,1
19,3,1
19,4,1
19,5,1
19,6,2
19,7,2
19,8,2
19,9,1
19,10,1
19,11,2
19,12,1
19,13,1
19,14,1
19,15,2
19,16,1
19,17,1
19,18,2
19,19,1
19,20,1
19,21,1
19,22,2
20,1,3
20,2,3
20,3,1
20,4,2
20,5,3
20,6,2
20,7,2
20,8,3
20,9,2
20,10,4
20,11,3
20,12,3
20,13,2
20,14,3
20,15,2
20,16,2
20,17,2
20,18,3
20,19,1
20,20,4
20,21,2
20,22,2
21,1,2
21,2,1
21,3,2
21,4,2
21,5,3
21,6,2
21,7,1
21,8,1
21,9,1
21,10,2
21,11,2
21,12,2
21,13,1
21,14,3
21,15,2
21,16,1
21,17,1
21,18,1
21,19,1
21,20,3
21,21,1
21,22,1
22,1,3
22,2,3
22,3,3
22,4,3
22,5,3
22,6,4
22,7,3
22,8,2
22,9,2
22,10,3
22,11,3
22,12,3
22,13,3
22,14,4
22,15,3
22,16,2
22,17,3
22,18,2
22,19,4
22,20,3
22,21,2
22,22,2
23,1,1
23,2,1
23,3,1
23,4,3
23,5,3
23,6,1
23,7,1
23,8,2
23,9,1
23,10,2
23,11,1
23,12,3
23,13,1
23,14,2
23,15,1
23,16,2
23,17,1
23,18,2
23,19,1
23,20,1
23,21,1
23,22,1
24,1,4
24,2,4
24,3,4
24,4,4
24,5,3
24,6,4
24,7,4
24,8,3
24,9,2
24,10,3
24,11,3
24,12,4
24,13,2
24,14,4
24,15,3
24,16,4
24,17,3
24,18,3
24,19,3
24,20,4
24,21,3
24,22,4
25,1,2
25,2,3
25,3,4
25,4,3
25,5,3
25,6,3
25,7,1
25,8,2
25,9,2
25,10,2
25,11,3
25,12,4
25,13,2
25,14,4
25,15,2
25,16,4
25,17,2
25,18,3
25,19,3
25,20,3
25,21,3
25,22,2
26,1,3
26,2,2
26,3,3
26,4,3
26,5,2
26,6,1
26,7,2
26,8,2
26,9,3
26,10,1
26,11,2
26,12,2
26,13,2
26,14,2
26,15,2
26,16,1
26,17,2
26,18,3
26,19,3
26,20,1
26,21,3
26,22,2
27,1,1
27,2,1
27,3,1
27,4,1
27,5,1
27,6,1
27,7,1
27,8,1
27,9,1
27,10,2
27,11,1
27,12,2
27,13,1
27,14,1
27,15,1
27,16,1
27,17,1
27,18,1
27,19,1
27,20,1
27,21,1
27,22,1
28,1,1
28,2,1
28,3,1
28,4,1
28,5,1
28,6,1
28,7,1
28,8,1
28,9,2
28,10,1
28,11,1
28,12,2
28,13,1
28,14,1
28,15,1
28,16,1
28,17,1
28,18,1
28,19,1
28,20,1
28,21,1
28,22,1
29,1,3
29,2,3
29,3,2
29,4,2
29,5,2
29,6,3
29,7,3
29,8,2
29,9,3
29,10,3
29,11,3
29,12,3
29,13,2
29,14,3
29,15,2
29,16,2
29,17,2
29,18,3
29,19,3
29,20,2
29,21,4
29,22,3
30,1,2
30,2,2
30,3,1
30,4,1
30,5,1
30,6,1
30,7,2
30,8,1
30,9,1
30,10,1
30,11,1
30,12,1
30,13,2
30,14,1
30,15,1
30,16,1
30,17,1
30,18,1
30,19,1
30,20,1
30,21,1
30,22,1
31,1,1
31,2,1
31,3,1
31,4,1
31,5,1
31,6,1
31,7,1
31,8,1
31,9,1
31,10,1
31,11,1
31,12,1
31,13,1
31,14,1
31,15,1
31,16,1
31,17,1
31,18,1
31,19,1
31,20,1
31,21,1
31,22,1
32,1,2
32,2,2
32,3,2
32,4,2
32,5,1
32,6,2
32,7,2
32,8,2
32,9,2
32,10,2
32,11,1
32,12,2
32,13,2
32,14,2
32,15,3
32,16,2
32,17,3
32,18,2
32,19,3
32,20,2
32,21,3
32,22,2
33,1,1
33,2,1
33,3,2
33,4,1
33,5,1
33,6,2
33,7,1
33,8,1
33,9,1
33,10,1
33,11,1
33,12,1
33,13,2
33,14,2
33,15,1
33,16,1
33,17,1
33,18,1
33,19,1
33,20,1
33,21,1
33,22,1
34,1,1
34,2,1
34,3,1
34,4,1
34,5,1
34,6,1
34,7,1
34,8,1
34,9,1
34,10,1
34,11,2
34,12,2
34,13,1
34,14,1
34,15,1
34,16,1
34,17,2
34,18,1
34,19,1
34,20,1
34,21,1
34,22,1
35,1,3
35,2,4
35,3,2
35,4,3
35,5,4
35,6,2
35,7,2
35,8,2
35,9,2
35,10,3
35,11,3
35,12,3
35,13,3
35,14,3
35,15,3
35,16,2
35,17,3
35,18,3
35,19,4
35,20,3
35,21,2
35,22,4
36,1,1
36,2,1
36,3,1
36,4,2
36,5,1
36,6,1
36,7,1
36,8,1
36,9,1
36,10,1
36,11,2
36,12,1
36,13,1
36,14,1
36,15,1
36,16,1
36,17,1
36,18,1
36,19,1
36,20,1
36,21,1
36,22,1
37,1,1
37,2,2
37,3,2
37,4,2
37,5,1
37,6,2
37,7,2
37,8,3
37,9,1
37,10,3
37,11,1
37,12,3
37,13,2
37,14,2
37,15,1
37,16,3
37,17,1
37,18,1
37,19,1
37,20,2
37,21,2
37,22,2
38,1,1
38,2,1
38,3,1
38,4,1
38,5,1
38,6,1
38,7,1
38,8,1
38,9,1
38,10,1
38,11,1
38,12,1
38,13,1
38,14,1
38,15,1
38,16,1
38,17,1
38,18,2
38,19,1
38,20,1
38,21,1
38,22,1
39,1,1
39,2,1
39,3,1
39,4,1
39,5,1
39,6,2
39,7,1
39,8,1
39,9,1
39,10,2
39,11,1
39,12,1
39,13,1
39,14,1
39,15,1
39,16,1
39,17,1
39,18,1
39,19,1
39,20,1
39,21,1
39,22,1
40,1,2
40,2,2
40,3,3
40,4,2
40,5,2
40,6,3
40,7,2
40,8,1
40,9,1
40,10,2
40,11,2
40,12,2
40,13,2
40,14,3
40,15,2
40,16,2
40,17,2
40,18,3
40,19,3
40,20,3
40,21,3
40,22,2
41,1,3
41,2,3
41,3,3
41,4,1
41,5,2
41,6,2
41,7,3
41,8,2
41,9,2
41,10,2
41,11,4
41,12,2
41,13,3
41,14,2
41,15,2
41,16,1
41,17,2
41,18,2
41,19,2
41,20,4
41,21,2
41,22,4
42,1,3
42,2,2
42,3,2
42,4,3
42,5,2
42,6,3
42,7,2
42,8,3
42,9,2
42,10,3
42,11,2
42,12,2
42,13,1
42,14,3
42,15,3
42,16,3
42,17,2
42,18,3
42,19,2
42,20,3
42,21,3
42,22,3
43,1,2
43,2,3
43,3,3
43,4,3
43,5,4
43,6,2
43,7,2
43,8,3
43,9,3
43,10,3
43,11,2
43,12,3
43,13,3
43,14,3
43,15,3
43,16,3
43,17,1
43,18,1
43,19,4
43,20,2
43,21,2
43,22,2
44,1,3
44,2,2
44,3,1
44,4,2
44,5,2
44,6,2
44,7,2
44,8,2
44,9,3
44,10,2
44,11,2
44,12,2
44,13,1
44,14,2
44,15,3
44,16,2
44,17,2
44,18,3
44,19,2
44,20,3
44,21,3
44,22,2
45,1,1
45,2,1
45,3,1
45,4,1
45,5,2
45,6,2
45,7,1
45,8,1
45,9,1
45,10,2
45,11,1
45,12,3
45,13,2
45,14,2
45,15,1
45,16,1
45,17,1
45,18,2
45,19,1
45,20,1
45,21,1
45,22,1
46,1,3
46,2,2
46,3,2
46,4,2
46,5,3
46,6,2
46,7,3
46,8,2
46,9,3
46,10,3
46,11,2
46,12,3
46,13,2
46,14,3
46,15,2
46,16,2
46,17,2
46,18,2
46,19,2
46,20,3
46,21,2
46,22,3
47,1,2
47,2,1
47,3,1
47,4,2
47,5,3
47,6,3
47,7,1
47,8,2
47,9,2
47,10,2
47,11,2
47,12,4
47,13,3
47,14,3
47,15,2
47,16,2
47,17,1
47,18,1
47,19,2
47,20,3
47,21,3
47,22,1
48,1,1
48,2,2
48,3,1
48,4,1
48,5,2
48,6,1
48,7,1
48,8,2
48,9,2
48,10,2
48,11,2
48,12,2
48,13,1
48,14,2
48,15,2
48,16,1
48,17,1
48,18,1
48,19,2
48,20,1
48,21,2
48,22,2
49,1,2
49,2,3
49,3,2
49,4,4
49,5,3
49,6,4
49,7,4
49,8,3
49,9,3
49,10,3
49,11,3
49,12,3
49,13,3
49,14,3
49,15,3
49,16,3
49,17,4
49,18,2
49,19,2
49,20,3
49,21,4
49,22,3
50,1,2
50,2,1
50,3,3
50,4,1
50,5,1
50,6,3
50,7,1
50,8,2
50,9,1
50,10,2
50,11,2
50,12,2
50,13,1
50,14,2
50,15,1
50,16,1
50,17,1
50,18,2
50,19,2
50,20,2
50,21,2
50,22,1
51,1,1
51,2,1
51,3,1
51,4,1
51,5,2
51,6,1
51,7,2
51,8,1
51,9,1
51,10,2
51,11,1
51,12,1
51,13,1
51,14,1
51,15,1
51,16,2
51,17,1
51,18,1
51,19,1
51,20,1
51,21,1
51,22,1
52,1,2
52,2,3
52,3,3
52,4,3
52,5,3
52,6,2
52,7,2
52,8,3
52,9,2
52,10,4
52,11,2
52,12,4
52,13,3
52,14,4
52,15,3
52,16,3
52,17,2
52,18,2
52,19,1
52,20,3
52,21,2
52,22,1
53,1,2
53,2,3
53,3,2
53,4,3
53,5,3
53,6,2
53,7,1
53,8,3
53,9,3
53,10,1
53,11,2
53,12,2
53,13,2
53,14,1
53,15,3
53,16,2
53,17,2
53,18,2
53,19,1
53,20,2
53,21,1
53,22,2
54,1,1
54,2,1
54,3,2
54,4,2
54,5,2
54,6,2
54,7,2
54,8,2
54,9,1
54,10,2
54,11,2
54,12,3
54,13,2
54,14,2
54,15,1
54,16,2
54,17,2
54,18,1
54,19,1
54,20,1
54,21,1
54,22,3
55,1,1
55,2,1
55,3,1
55,4,1
55,5,2
55,6,1
55,7,1
55,8,1
55,9,1
55,10,1
55,11,1
55,12,1
55,13,1
55,14,1
55,15,1
55,16,2
55,17,1
55,18,1
55,19,1
55,20,1
55,21,1
55,22,1
56,1,2
56,2,3
56,3,2
56,4,3
56,5,3
56,6,3
56,7,2
56,8,2
56,9,1
56,10,3
56,11,2
56,12,3
56,13,3
56,14,2
56,15,2
56,16,2
56,17,3
56,18,3
56,19,3
56,20,2
56,21,3
56,22,3
57,1,1
57,2,1
57,3,1
57,4,1
57,5,1
57,6,1
57,7,1
57,8,1
57,9,1
57,10,1
57,11,1
57,12,1
57,13,1
57,14,1
57,15,1
57,16,1
57,17,1
57,18,1
57,19,1
57,20,1
57,21,1
57,22,1
58,1,3
58,2,2
58,3,3
58,4,1
58,5,3
58,6,2
58,7,2
58,8,3
58,9,2
58,10,4
58,11,2
58,12,3
58,13,4
58,14,1
58,15,3
58,16,2
58,17,2
58,18,3
58,19,2
58,20,3
58,21,3
58,22,1
59,1,2
59,2,2
59,3,1
59,4,3
59,5,2
59,6,2
59,7,2
59,8,2
59,9,2
59,10,2
59,11,2
59,12,2
59,13,2
59,14,2
59,15,1
59,16,2
59,17,2
59,18,2
59,19,1
59,20,2
59,21,2
59,22,2
60,1,1
60,2,1
60,3,1
60,4,1
60,5,1
60,6,1
60,7,1
60,8,1
60,9,2
60,10,1
60,11,1
60,12,1
60,13,1
60,14,1
60,15,1
60,16,1
60,17,1
60,18,1
60,19,1
60,20,1
60,21,1
60,22,1
61,1,2
61,2,2
61,3,2
61,4,1
61,5,1
61,6,2
61,7,2
61,8,2
61,9,1
61,10,2
61,11,2
61,12,2
61,13,1
61,14,2
61,15,2
61,16,2
61,17,2
61,18,2
61,19,2
61,20,3
61,21,4
61,22,3
62,1,2
62,2,3
62,3,2
62,4,3
62,5,2
62,6,3
62,7,2
62,8,3
62,9,3
62,10,3
62,11,2
62,12,4
62,13,2
62,14,4
62,15,3
62,16,3
62,17,3
62,18,1
62,19,3
62,20,3
62,21,1
62,22,1
63,1,2
63,2,2
63,3,2
63,4,3
63,5,3
63,6,3
63,7,1
63,8,2
63,9,2
63,10,2
63,11,3
63,12,3
63,13,3
63,14,2
63,15,3
63,16,2
63,17,2
63,18,2
63,19,2
63,20,2
63,21,2
63,22,2
64,1,2
64,2,4
64,3,3
64,4,3
64,5,4
64,6,4
64,7,3
64,8,4
64,9,1
64,10,2
64,11,3
64,12,3
64,13,4
64,14,3
64,15,3
64,16,3
64,17,2
64,18,3
64,19,3
64,20,3
64,21,2
64,22,3
65,1,3
65,2,2
65,3,3
65,4,2
65,5,4
65,6,3
65,7,2
65,8,2
65,9,1
65,10,3
65,11,2
65,12,3
65,13,3
65,14,3
65,15,2
65,16,3
65,17,1
65,18,2
65,19,1
65,20,3
65,21,1
65,22,1
66,1,1
66,2,1
66,3,2
66,4,1
66,5,1
66,6,1
66,7,1
66,8,3
66,9,1
66,10,1
66,11,1
66,12,2
66,13,2
66,14,1
66,15,1
66,16,1
66,17,1
66,18,1
66,19,1
66,20,1
66,21,1
66,22,2
67,1,1
67,2,3
67,3,4
67,4,3
67,5,3
67,6,2
67,7,3
67,8,4
67,9,3
67,10,3
67,11,2
67,12,3
67,13,2
67,14,2
67,15,4
67,16,2
67,17,3
67,18,2
67,19,4
67,20,3
67,21,3
67,22,1
68,1,1
68,2,1
68,3,2
68,4,1
68,5,2
68,6,2
68,7,1
68,8,2
68,9,1
68,10,2
68,11,2
68,12,2
68,13,1
68,14,1
68,15,1
68,16,1
68,17,1
68,18,1
68,19,1
68,20,1
68,21,1
68,22,1
69,1,2
69,2,2
69,3,2
69,4,1
69,5,3
69,6,2
69,7,1
69,8,1
69,9,1
69,10,2
69,11,2
69,12,1
69,13,2
69,14,2
69,15,2
69,16,1
69,17,3
69,18,3
69,19,2
69,20,1
69,21,2
69,22,2
70,1,3
70,2,3
70,3,2
70,4,3
70,5,2
70,6,3
70,7,2
70,8,3
70,9,3
70,10,3
70,11,2
70,12,3
70,13,2
70,14,4
70,15,4
70,16,3
70,17,2
70,18,2
70,19,2
70,20,3
70,21,2
70,22,3
71,1,1
71,2,1
71,3,1
71,4,1
71,5,1
71,6,1
71,7,1
71,8,2
71,9,1
71,10,1
71,11,1
71,12,1
71,13,1
71,14,1
71,15,1
71,16,1
71,17,1
71,18,1
71,19,1
71,20,1
71,21,1
71,22,1
72,1,1
72,2,1
72,3,1
72,4,1
72,5,2
72,6,1
72,7,1
72,8,1
72,9,1
72,10,2
72,11,1
72,12,1
72,13,2
72,14,1
72,15,1
72,16,1
72,17,2
72,18,1
72,19,1
72,20,1
72,21,2
72,22,1
73,1,1
73,2,1
73,3,1
73,4,1
73,5,1
73,6,1
73,7,1
73,8,1
73,9,1
73,10,1
73,11,1
73,12,1
73,13,1
73,14,1
73,15,1
73,16,2
73,17,1
73,18,1
73,19,1
73,20,1
73,21,2
73,22,1
74,1,3
74,2,4
74,3,2
74,4,3
74,5,2
74,6,4
74,7,3
74,8,2
74,9,3
74,10,4
74,11,3
74,12,3
74,13,4
74,14,3
74,15,3
74,16,3
74,17,3
74,18,4
74,19,3
74,20,4
74,21,3
74,22,3
75,1,1
75,2,3
75,3,2
75,4,2
75,5,2
75,6,1
75,7,2
75,8,2
75,9,2
75,10,2
75,11,2
75,12,2
75,13,2
75,14,2
75,15,1
75,16,2
75,17,1
75,18,2
75,19,1
75,20,2
75,21,3
75,22,1
76,1,1
76,2,1
76,3,1
76,4,2
76,5,2
76,6,2
76,7,1
76,8,1
76,9,1
76,10,2
76,11,1
76,12,1
76,13,1
76,14,1
76,15,1
76,16,3
76,17,1
76,18,2
76,19,2
76,20,1
76,21,1
76,22,1
77,1,1
77,2,1
77,3,2
77,4,2
77,5,2
77,6,1
77,7,1
77,8,3
77,9,1
77,10,1
77,11,1
77,12,1
77,13,1
77,14,2
77,15,1
77,16,1
77,17,1
77,18,2
77,19,1
77,20,2
77,21,1
77,22,1
78,1,2
78,2,1
78,3,2
78,4,1
78,5,1
78,6,1
78,7,2
78,8,1
78,9,1
78,10,2
78,11,1
78,12,1
78,13,1
78,14,1
78,15,1
78,16,1
78,17,2
78,18,1
78,19,2
78,20,1
78,21,2
78,22,1
79,1,3
79,2,3
79,3,3
79,4,3
79,5,4
79,6,4
79,7,3
79,8,4
79,9,4
79,10,2
79,11,3
79,12,3
79,13,2
79,14,3
79,15,1
79,16,3
79,17,2
79,18,3
79,19,4
79,20,4
79,21,3
79,22,4
80,1,2
80,2,1
80,3,2
80,4,2
80,5,3
80,6,3
80,7,1
80,8,2
80,9,1
80,10,2
80,11,1
80,12,2
80,13,2
80,14,2
80,15,1
80,16,2
80,17,2
80,18,2
80,19,2
80,20,1
80,21,2
80,22,2
81,1,1
81,2,2
81,3,2
81,4,1
81,5,3
81,6,1
81,7,1
81,8,1
81,9,2
81,10,2
81,11,2
81,12,1
81,13,1
81,14,2
81,15,1
81,16,1
81,17,2
81,18,2
81,19,2
81,20,1
81,21,1
81,22,1
82,1,2
82,2,2
82,3,2
82,4,3
82,5,3
82,6,3
82,7,3
82,8,3
82,9,2
82,10,4
82,11,2
82,12,4
82,13,2
82,14,4
82,15,2
82,16,3
82,17,2
82,18,2
82,19,2
82,20,4
82,21,2
82,22,3
83,1,2
83,2,2
83,3,2
83,4,2
83,5,3
83,6,3
83,7,3
83,8,2
83,9,2
83,10,2
83,11,1
83,12,3
83,13,2
83,14,3
83,15,2
83,16,3
83,17,1
83,18,2
83,19,1
83,20,3
83,21,1
83,22,2
84,1,1
84,2,2
84,3,1
84,4,2
84,5,2
84,6,3
84,7,2
84,8,2
84,9,2
84,10,3
84,11,1
84,12,2
84,13,1
84,14,2
84,15,1
84,16,3
84,17,2
84,18,2
84,19,2
84,20,2
84,21,3
84,22,2
85,1,1
85,2,1
85,3,2
85,4,1
85,5,1
85,6,2
85,7,1
85,8,1
85,9,1
85,10,1
85,11,1
85,12,2
85,13,1
85,14,1
85,15,2
85,16,1
85,17,1
85,18,1
85,19,1
85,20,1
85,21,2
85,22,1
86,1,2
86,2,2
86,3,2
86,4,3
86,5,3
86,6,3
86,7,2
86,8,3
86,9,3
86,10,4
86,11,2
86,12,3
86,13,3
86,14,3
86,15,2
86,16,4
86,17,3
86,18,2
86,19,3
86,20,3
86,21,2
86,22,2
87,1,1
87,2,1
87,3,2
87,4,1
87,5,2
87,6,2
87,7,1
87,8,2
87,9,2
87,10,1
87,11,1
87,12,1
87,13,1
87,14,2
87,15,1
87,16,1
87,17,1
87,18,1
87,19,1
87,20,2
87,21,1
87,22,1
88,1,2
88,2,2
88,3,1
88,4,2
88,5,1
88,6,1
88,7,3
88,8,2
88,9,2
88,10,2
88,11,2
88,12,1
88,13,2
88,14,1
88,15,1
88,16,2
88,17,2
88,18,1
88,19,2
88,20,2
88,21,2
88,22,2
89,1,3
89,2,2
89,3,1
89,4,2
89,5,2
89,6,2
89,7,3
89,8,2
89,9,1
89,10,2
89,11,2
89,12,2
89,13,1
89,14,2
89,15,2
89,16,1
89,17,2
89,18,2
89,19,1
89,20,1
89,21,2
89,22,1
90,1,2
90,2,4
90,3,1
90,4,2
90,5,3
90,6,3
90,7,3
90,8,2
90,9,2
90,10,4
90,11,2
90,12,3
90,13,3
90,14,4
90,15,2
90,16,4
90,17,2
90,18,3
90,19,2
90,20,4
90,21,3
90,22,2
91,1,2
91,2,3
91,3,2
91,4,2
91,5,1
91,6,1
91,7,2
91,8,3
91,9,1
91,10,2
91,11,3
91,12,1
91,13,3
91,14,2
91,15,2
91,16,2
91,17,3
91,18,3
91,19,2
91,20,2
91,21,2
91,22,2
92,1,3
92,2,3
92,3,3
92,4,3
92,5,3
92,6,2
92,7,3
92,8,3
92,9,3
92,10,3
92,11,2
92,12,2
92,13,1
92,14,1
92,15,3
92,16,3
92,17,2
92,18,3
92,19,2
92,20,3
92,21,2
92,22,2
93,1,1
93,2,2
93,3,3
93,4,2
93,5,3
93,6,2
93,7,1
93,8,2
93,9,1
93,10,2
93,11,2
93,12,3
93,13,1
93,14,3
93,15,1
93,16,2
93,17,1
93,18,1
93,19,1
93,20,2
93,21,1
93,22,1
94,1,1
94,2,1
94,3,1
94,4,1
94,5,3
94,6,2
94,7,2
94,8,2
94,9,1
94,10,2
94,11,2
94,12,3
94,13,1
94,14,1
94,15,2
94,16,2
94,17,1
94,18,2
94,19,2
94,20,2
94,21,2
94,22,2
95,1,1
95,2,1
95,3,1
95,4,2
95,5,1
95,6,2
95,7,2
95,8,1
95,9,1
95,10,2
95,11,1
95,12,2
95,13,1
95,14,2
95,15,1
95,16,2
95,17,1
95,18,1
95,19,1
95,20,1
95,21,1
95,22,1
96,1,1
96,2,1
96,3,2
96,4,1
96,5,1
96,6,2
96,7,1
96,8,2
96,9,2
96,10,2
96,11,1
96,12,1
96,13,1
96,14,2
96,15,1
96,16,1
96,17,1
96,18,1
96,19,1
96,20,1
96,21,1
96,22,1
97,1,3
97,2,3
97,3,1
97,4,1
97,5,2
97,6,2
97,7,3
97,8,1
97,9,2
97,10,1
97,11,1
97,12,3
97,13,2
97,14,1
97,15,2
97,16,1
97,17,2
97,18,1
97,19,2
97,20,2
97,21,1
97,22,3
98,1,2
98,2,3
98,3,4
98,4,3
98,5,4
98,6,3
98,7,2
98,8,3
98,9,2
98,10,3
98,11,1
98,12,3
98,13,2
98,14,3
98,15,2
98,16,3
98,17,2
98,18,3
98,19,3
98,20,3
98,21,4
98,22,2
99,1,3
99,2,1
99,3,1
99,4,1
99,5,2
99,6,2
99,7,2
99,8,1
99,9,2
99,10,2
99,11,2
99,12,1
99,13,2
99,14,1
99,15,1
99,16,1
99,17,2
99,18,1
99,19,2
99,20,3
99,21,1
99,22,1
100,1,1
100,2,1
100,3,2
100,4,3
100,5,2
100,6,2
100,7,1
100,8,2
100,9,3
100,10,2
100,11,1
100,12,3
100,13,2
100,14,2
100,15,1
100,16,2
100,17,1
100,18,2
100,19,2
100,20,3
100,21,1
100,22,2
101,1,1
101,2,1
101,3,1
101,4,1
101,5,1
101,6,1
101,7,1
101,8,1
101,9,1
101,10,1
101,11,1
101,12,1
101,13,1
101,14,2
101,15,1
101,16,1
101,17,2
101,18,1
101,19,1
101,20,1
101,21,1
101,22,1
102,1,1
102,2,1
102,3,1
102,4,2
102,5,1
102,6,3
102,7,1
102,8,2
102,9,1
102,10,2
102,11,1
102,12,3
102,13,2
102,14,2
102,15,2
102,16,1
102,17,2
102,18,2
102,19,1
102,20,2
102,21,1
102,22,2
103,1,1
103,2,1
103,3,1
103,4,1
103,5,1
103,6,1
103,7,2
103,8,1
103,9,1
103,10,1
103,11,1
103,12,1
103,13,1
103,14,1
103,15,1
103,16,1
103,17,1
103,18,1
103,19,1
103,20,2
103,21,1
103,22,2
104,1,1
104,2,1
104,3,1
104,4,1
104,5,2
104,6,2
104,7,1
104,8,1
104,9,1
104,10,1
104,11,1
104,12,2
104,13,1
104,14,2
104,15,1
104,16,1
104,17,1
104,18,1
104,19,1
104,20,1
104,21,1
104,22,2
105,1,3
105,2,2
105,3,2
105,4,3
105,5,3
105,6,2
105,7,2
105,8,1
105,9,1
105,10,2
105,11,2
105,12,2
105,13,1
105,14,2
105,15,2
105,16,1
105,17,1
105,18,1
105,19,3
105,20,2
105,21,1
105,22,3
106,1,1
106,2,1
106,3,1
106,4,1
106,5,1
106,6,1
106,7,1
106,8,1
106,9,1
106,10,1
106,11,1
106,12,1
106,13,2
106,14,1
106,15,1
106,16,1
106,17,1
106,18,1
106,19,1
106,20,1
106,21,1
106,22,2
107,1,1
107,2,1
107,3,2
107,4,2
107,5,3
107,6,2
107,7,2
107,8,1
107,9,2
107,10,2
107,11,1
107,12,2
107,13,1
107,14,3
107,15,3
107,16,2
107,17,2
107,18,2
107,19,1
107,20,2
107,21,2
107,22,1
108,1,2
108,2,3
108,3,3
108,4,3
108,5,4
108,6,4
108,7,3
108,8,4
108,9,3
108,10,4
108,11,3
108,12,4
108,13,2
108,14,4
108,15,3
108,16,3
108,17,2
108,18,3
108,19,2
108,20,3
108,21,3
108,22,3
109,1,1
109,2,1
109,3,1
109,4,2
109,5,1
109,6,1
109,7,1
109,8,1
109,9,1
109,10,1
109,11,1
109,12,2
109,13,2
109,14,2
109,15,2
109,16,1
109,17,1
109,18,2
109,19,1
109,20,2
109,21,1
109,22,1
110,1,1
110,2,1
110,3,1
110,4,1
110,5,2
110,6,2
110,7,1
110,8,1
110,9,1
110,10,1
110,11,1
110,12,2
110,13,1
110,14,2
110,15,2
110,16,1
110,17,1
110,18,1
110,19,1
110,20,2
110,21,1
110,22,1
111,1,1
111,2,1
111,3,2
111,4,2
111,5,3
111,6,2
111,7,1
111,8,2
111,9,1
111,10,2
111,11,1
111,12,2
111,13,2
111,14,2
111,15,1
111,16,2
111,17,2
111,18,1
111,19,1
111,20,3
111,21,1
111,22,1
112,1,1
112,2,1
112,3,1
112,4,1
112,5,1
112,6,1
112,7,1
112,8,1
112,9,1
112,10,1
112,11,1
112,12,1
112,13,1
112,14,1
112,15,1
112,16,1
112,17,1
112,18,1
112,19,2
112,20,1
112,21,1
112,22,1
113,1,1
113,2,2
113,3,2
113,4,2
113,5,2
113,6,1
113,7,1
113,8,3
113,9,2
113,10,1
113,11,2
113,12,1
113,13,2
113,14,1
113,15,2
113,16,1
113,17,1
113,18,1
113,19,1
113,20,2
113,21,1
113,22,1
114,1,1
114,2,1
114,3,1
114,4,1
114,5,1
114,6,1
114,7,1
114,8,1
114,9,1
114,10,2
114,11,1
114,12,1
114,13,2
114,14,1
114,15,2
114,16,1
114,17,1
114,18,1
114,19,1
114,20,1
114,21,1
114,22,1
115,1,3
115,2,3
115,3,4
115,4,3
115,5,3
115,6,4
115,7,3
115,8,4
115,9,4
115,10,4
115,11,3
115,12,3
115,13,3
115,14,3
115,15,3
115,16,3
115,17,3
115,18,3
115,19,3
115,20,3
115,21,4
115,22,4
116,1,1
116,2,1
116,3,1
116,4,1
116,5,2
116,6,1
116,7,1
116,8,1
116,9,1
116,10,1
116,11,1
116,12,2
116,13,1
116,14,1
116,15,1
116,16,1
116,17,1
116,18,1
116,19,1
116,20,1
116,21,2
116,22,1
117,1,2
117,2,3
117,3,3
117,4,2
117,5,3
117,6,3
117,7,3
117,8,2
117,9,2
117,10,2
117,11,2
117,12,3
117,13,2
117,14,2
117,15,2
117,16,2
117,17,3
117,18,2
117,19,2
117,20,3
117,21,2
117,22,2
118,1,1
118,2,1
118,3,1
118,4,1
118,5,1
118,6,1
118,7,1
118,8,1
118,9,1
118,10,1
118,11,1
118,12,1
118,13,1
118,14,1
118,15,1
118,16,1
118,17,1
118,18,1
118,19,1
118,20,2
118,21,1
118,22,1
119,1,3
119,2,3
119,3,3
119,4,3
119,5,4
119,6,4
119,7,2
119,8,2
119,9,2
119,10,4
119,11,3
119,12,4
119,13,3
119,14,2
119,15,2
119,16,3
119,17,2
119,18,2
119,19,2
119,20,3
119,21,2
119,22,2
120,1,1
120,2,1
120,3,2
120,4,1
120,5,1
120,6,1
120,7,1
120,8,2
120,9,1
120,10,1
120,11,1
120,12,1
120,13,1
120,14,1
120,15,1
120,16,2
120,17,1
120,18,1
120,19,1
120,20,1
120,21,1
120,22,1
121,1,2
121,2,3
121,3,3
121,4,3
121,5,4
121,6,2
121,7,2
121,8,3
121,9,3
121,10,3
121,11,2
121,12,3
121,13,2
121,14,4
121,15,2
121,16,3
121,17,2
121,18,2
121,19,2
121,20,4
121,21,2
121,22,2
122,1,2
122,2,2
122,3,2
122,4,3
122,5,2
122,6,3
122,7,2
122,8,2
122,9,3
122,10,3
122,11,2
122,12,3
122,13,1
122,14,3
122,15,2
122,16,4
122,17,2
122,18,2
122,19,3
122,20,3
122,21,2
122,22,1
123,1,2
123,2,2
123,3,2
123,4,1
123,5,2
123,6,2
123,7,1
123,8,3
123,9,1
123,10,2
123,11,1
123,12,3
123,13,2
123,14,3
123,15,3
123,16,2
123,17,2
123,18,1
123,19,1
123,20,2
123,21,1
123,22,3
124,1,1
124,2,2
124,3,1
124,4,1
124,5,1
124,6,2
124,7,1
124,8,2
124,9,1
124,10,2
124,11,2
124,12,1
124,13,2
124,14,2
124,15,2
124,16,2
124,17,2
124,18,2
124,19,2
124,20,3
124,21,2
124,22,2
125,1,1
125,2,1
125,3,2
125,4,1
125,5,2
125,6,1
125,7,1
125,8,1
125,9,1
125,10,1
125,11,1
125,12,2
125,13,1
125,14,2
125,15,1
125,16,1
125,17,1
125,18,1
125,19,1
125,20,1
125,21,1
125,22,1
126,1,2
126,2,1
126,3,2
126,4,2
126,5,3
126,6,2
126,7,3
126,8,3
126,9,3
126,10,2
126,11,2
126,12,3
126,13,3
126,14,2
126,15,2
126,16,2
126,17,3
126,18,2
126,19,1
126,20,3
126,21,2
126,22,2
127,1,1
127,2,2
127,3,2
127,4,2
127,5,3
127,6,2
127,7,2
127,8,2
127,9,1
127,10,2
127,11,1
127,12,2
127,13,1
127,14,1
127,15,1
127,16,1
127,17,1
127,18,1
127,19,1
127,20,1
127,21,2
127,22,1
128,1,2
128,2,1
128,3,1
128,4,2
128,5,2
128,6,2
128,7,2
128,8,1
128,9,2
128,10,1
128,11,1
128,12,1
128,13,1
128,14,2
128,15,1
128,16,1
128,17,1
128,18,1
128,19,1
128,20,2
128,21,1
128,22,1
129,1,3
129,2,4
129,3,2
129,4,3
129,5,3
129,6,2
129,7,2
129,8,2
129,9,3
129,10,3
129,11,3
129,12,4
129,13,2
129,14,2
129,15,3
129,16,2
129,17,3
129,18,2
129,19,2
129,20,3
129,21,3
129,22,3
130,1,2
130,2,3
130,3,2
130,4,3
130,5,2
130,6,3
130,7,2
130,8,2
130,9,1
130,10,3
130,11,1
130,12,3
130,13,2
130,14,3
130,15,2
130,16,2
130,17,2
130,18,2
130,19,1
130,20,3
130,21,3
130,22,2
131,1,1
131,2,1
131,3,1
131,4,1
131,5,1
131,6,1
131,7,1
131,8,1
131,9,1
131,10,1
131,11,1
131,12,2
131,13,1
131,14,1
131,15,1
131,16,1
131,17,1
131,18,1
131,19,1
131,20,1
131,21,1
131,22,1
132,1,1
132,2,1
132,3,2
132,4,1
132,5,2
132,6,1
132,7,1
132,8,1
132,9,1
132,10,1
132,11,1
132,12,1
132,13,1
132,14,2
132,15,1
132,16,1
132,17,1
132,18,1
132,19,1
132,20,1
132,21,1
132,22,1
133,1,1
133,2,1
133,3,2
133,4,1
133,5,1
133,6,2
133,7,1
133,8,1
133,9,2
133,10,1
133,11,1
133,12,3
133,13,1
133,14,2
133,15,1
133,16,1
133,17,2
133,18,1
133,19,2
133,20,2
133,21,2
133,22,1
134,1,1
134,2,2
134,3,1
134,4,1
134,5,1
134,6,1
134,7,2
134,8,1
134,9,2
134,10,1
134,11,2
134,12,2
134,13,2
134,14,3
134,15,1
134,16,2
134,17,2
134,18,1
134,19,1
134,20,1
134,21,1
134,22,2
135,1,1
135,2,1
135,3,3
135,4,2
135,5,1
135,6,1
135,7,1
135,8,1
135,9,2
135,10,2
135,11,1
135,12,2
135,13,1
135,14,2
135,15,2
135,16,1
135,17,1
135,18,2
135,19,1
135,20,2
135,21,1
135,22,2
136,1,3
136,2,1
136,3,1
136,4,2
136,5,1
136,6,3
136,7,2
136,8,2
136,9,3
136,10,2
136,11,3
136,12,3
136,13,2
136,14,3
136,15,3
136,16,2
136,17,1
136,18,2
136,19,1
136,20,3
136,21,3
136,22,2
137,1,1
137,2,1
137,3,1
137,4,1
137,5,2
137,6,1
137,7,1
137,8,1
137,9,1
137,10,2
137,11,1
137,12,2
137,13,1
137,14,2
137,15,1
137,16,1
137,17,1
137,18,1
137,19,1
137,20,2
137,21,1
137,22,2
138,1,2
138,2,3
138,3,3
138,4,3
138,5,3
138,6,3
138,7,3
138,8,3
138,9,3
138,10,4
138,11,2
138,12,3
138,13,2
138,14,4
138,15,2
138,16,3
138,17,3
138,18,4
138,19,3
138,20,3
138,21,3
138,22,3
139,1,1
139,2,2
139,3,2
139,4,1
139,5,2
139,6,2
139,7,2
139,8,2
139,9,1
139,10,2
139,11,2
139,12,1
139,13,2
139,14,3
139,15,2
139,16,1
139,17,1
139,18,2
139,19,2
139,20,2
139,21,1
139,22,2
140,1,2
140,2,1
140,3,2
140,4,3
140,5,1
140,6,2
140,7,1
140,8,2
140,9,2
140,10,2
140,11,2
140,12,2
140,13,1
140,14,2
140,15,1
140,16,2
140,17,1
140,18,2
140,19,2
140,20,2
140,21,2
140,22,2
141,1,1
141,2,1
141,3,1
141,4,1
141,5,1
141,6,1
141,7,1
141,8,2
141,9,2
141,10,1
141,11,1
141,12,2
141,13,1
141,14,2
141,15,1
141,16,2
141,17,1
141,18,2
141,19,1
141,20,1
141,21,1
141,22,1
142,1,1
142,2,1
142,3,1
142,4,1
142,5,1
142,6,1
142,7,1
142,8,1
142,9,1
142,10,1
142,11,1
142,12,1
142,13,1
142,14,1
142,15,1
142,16,1
142,17,1
142,18,1
142,19,1
142,20,2
142,21,1
142,22,1
143,1,2
143,2,3
143,3,2
143,4,2
143,5,3
143,6,2
143,7,2
143,8,1
143,9,2
143,10,2
143,11,1
143,12,2
143,13,1
143,14,2
143,15,1
143,16,2
143,17,2
143,18,2
143,19,1
143,20,2
143,21,2
143,22,2
144,1,4
144,2,3
144,3,3
144,4,4
144,5,4
144,6,3
144,7,4
144,8,4
144,9,3
144,10,4
144,11,2
144,12,4
144,13,3
144,14,4
144,15,4
144,16,3
144,17,4
144,18,4
144,19,4
144,20,4
144,21,4
144,22,3
145,1,3
145,2,3
145,3,3
145,4,3
145,5,2
145,6,4
145,7,4
145,8,3
145,9,3
145,10,3
145,11,4
145,12,4
145,13,3
145,14,4
145,15,2
145,16,3
145,17,2
145,18,4
145,19,3
145,20,4
145,21,3
145,22,2
146,1,2
146,2,2
146,3,2
146,4,2
146,5,2
146,6,2
146,7,3
146,8,3
146,9,3
146,10,1
146,11,2
146,12,2
146,13,2
146,14,2
146,15,2
146,16,1
146,17,2
146,18,2
146,19,3
146,20,2
146,21,2
146,22,2
147,1,1
147,2,2
147,3,1
147,4,2
147,5,2
147,6,2
147,7,1
147,8,2
147,9,2
147,10,2
147,11,1
147,12,1
147,13,2
147,14,1
147,15,2
147,16,2
147,17,2
147,18,2
147,19,1
147,20,2
147,21,2
147,22,1
148,1,1
148,2,1
148,3,1
148,4,1
148,5,1
148,6,1
148,7,1
148,8,2
148,9,1
148,10,1
148,11,1
148,12,1
148,13,1
148,14,1
148,15,1
148,16,1
148,17,1
148,18,1
148,19,1
148,20,1
148,21,1
148,22,1
149,1,1
149,2,1
149,3,2
149,4,3
149,5,2
149,6,2
149,7,1
149,8,1
149,9,1
149,10,3
149,11,1
149,12,2
149,13,1
149,14,2
149,15,1
149,16,1
149,17,2
149,18,2
149,19,1
149,20,1
149,21,1
149,22,2
150,1,1
150,2,1
150,3,1
150,4,1
150,5,1
150,6,1
150,7,2
150,8,2
150,9,1
150,10,1
150,11,2
150,12,1
150,13,1
150,14,1
150,15,1
150,16,1
150,17,1
150,18,1
150,19,2
150,20,1
150,21,1
150,22,2
151,1,4
151,2,2
151,3,3
151,4,3
151,5,3
151,6,3
151,7,3
151,8,4
151,9,3
151,10,4
151,11,4
151,12,3
151,13,3
151,14,2
151,15,3
151,16,3
151,17,1
151,18,3
151,19,3
151,20,3
151,21,2
151,22,3
152,1,2
152,2,1
152,3,1
152,4,2
152,5,2
152,6,2
152,7,1
152,8,1
152,9,2
152,10,2
152,11,1
152,12,1
152,13,2
152,14,2
152,15,1
152,16,2
152,17,1
152,18,1
152,19,1
152,20,2
152,21,1
152,22,1
153,1,3
153,2,2
153,3,3
153,4,4
153,5,3
153,6,3
153,7,3
153,8,4
153,9,3
153,10,4
153,11,4
153,12,3
153,13,3
153,14,4
153,15,4
153,16,3
153,17,3
153,18,3
153,19,3
153,20,4
153,21,4
153,22,3
154,1,3
154,2,4
154,3,4
154,4,4
154,5,3
154,6,3
154,7,4
154,8,4
154,9,4
154,10,3
154,11,4
154,12,4
154,13,3
154,14,4
154,15,3
154,16,3
154,17,3
154,18,4
154,19,3
154,20,4
154,21,2
154,22,3
155,1,1
155,2,1
155,3,2
155,4,2
155,5,1
155,6,2
155,7,2
155,8,1
155,9,1
155,10,1
155,11,1
155,12,1
155,13,1
155,14,2
155,15,1
155,16,1
155,17,1
155,18,1
155,19,1
155,20,1
155,21,1
155,22,1
156,1,1
156,2,1
156,3,1
156,4,2
156,5,2
156,6,2
156,7,1
156,8,2
156,9,1
156,10,1
156,11,1
156,12,2
156,13,2
156,14,2
156,15,2
156,16,1
156,17,1
156,18,2
156,19,1
156,20,2
156,21,1
156,22,1
157,1,1
157,2,1
157,3,1
157,4,1
157,5,1
157,6,3
157,7,1
157,8,2
157,9,1
157,10,2
157,11,2
157,12,2
157,13,1
157,14,2
157,15,1
157,16,1
157,17,1
157,18,2
157,19,1
157,20,2
157,21,1
157,22,1
158,1,2
158,2,1
158,3,2
158,4,2
158,5,1
158,6,3
158,7,1
158,8,1
158,9,1
158,10,2
158,11,1
158,12,2
158,13,1
158,14,1
158,15,1
158,16,2
158,17,1
158,18,1
158,19,1
158,20,2
158,21,1
158,22,1
159,1,2
159,2,1
159,3,1
159,4,2
159,5,3
159,6,2
159,7,2
159,8,2
159,9,1
159,10,3
159,11,2
159,12,2
159,13,2
159,14,2
159,15,1
159,16,2
159,17,2
159,18,2
159,19,1
159,20,2
159,21,2
159,22,1
160,1,1
160,2,1
160,3,1
160,4,2
160,5,1
160,6,2
160,7,3
160,8,1
160,9,1
160,10,2
160,11,1
160,12,1
160,13,2
160,14,2
160,15,2
160,16,1
160,17,1
160,18,3
160,19,1
160,20,2
160,21,1
160,22,1
161,1,3
161,2,2
161,3,3
161,4,3
161,5,3
161,6,3
161,7,2
161,8,2
161,9,2
161,10,2
161,11,4
161,12,3
161,13,3
161,14,2
161,15,2
161,16,2
161,17,3
161,18,2
161,19,3
161,20,3
161,21,4
161,22,3
162,1,2
162,2,2
162,3,2
162,4,1
162,5,2
162,6,3
162,7,3
162,8,2
162,9,3
162,10,3
162,11,3
162,12,2
162,13,2
162,14,3
162,15,4
162,16,2
162,17,3
162,18,3
162,19,3
162,20,3
162,21,3
162,22,2
163,1,2
163,2,2
163,3,4
163,4,2
163,5,3
163,6,4
163,7,2
163,8,3
163,9,1
163,10,4
163,11,2
163,12,3
163,13,1
163,14,3
163,15,3
163,16,3
163,17,2
163,18,2
163,19,2
163,20,3
163,21,2
163,22,2
164,1,1
164,2,1
164,3,1
164,4,1
164,5,3
164,6,1
164,7,1
164,8,1
164,9,1
164,10,2
164,11,1
164,12,1
164,13,1
164,14,2
164,15,1
164,16,1
164,17,1
164,18,1
164,19,2
164,20,1
164,21,1
164,22,2
165,1,1
165,2,1
165,3,1
165,4,1
165,5,2
165,6,1
165,7,1
165,8,1
165,9,1
165,10,2
165,11,1
165,12,2
165,13,1
165,14,1
165,15,1
165,16,1
165,17,1
165,18,1
165,19,1
165,20,1
165,21,1
165,22,1
166,1,1
166,2,1
166,3,1
166,4,2
166,5,2
166,6,1
166,7,1
166,8,2
166,9,1
166,10,1
166,11,1
166,12,1
166,13,1
166,14,2
166,15,2
166,16,1
166,17,1
166,18,1
166,19,1
166,20,2
166,21,1
166,22,1
167,1,2
167,2,2
167,3,1
167,4,2
167,5,2
167,6,3
167,7,2
167,8,3
167,9,1
167,10,3
167,11,3
167,12,2
167,13,2
167,14,1
167,15,1
167,16,2
167,17,1
167,18,1
167,19,1
167,20,3
167,21,2
167,22,1
168,1,3
168,2,2
168,3,1
168,4,2
168,5,2
168,6,3
168,7,1
168,8,2
168,9,2
168,10,1
168,11,2
168,12,1
168,13,1
168,14,2
168,15,1
168,16,1
168,17,3
168,18,2
168,19,1
168,20,1
168,21,1
168,22,1
169,1,1
169,2,1
169,3,1
169,4,1
169,5,1
169,6,1
169,7,1
169,8,1
169,9,1
169,10,1
169,11,1
169,12,1
169,13,1
169,14,1
169,15,1
169,16,1
169,17,1
169,18,1
169,19,1
169,20,1
169,21,1
169,22,2
170,1,1
170,2,1
170,3,2
170,4,1
170,5,2
170,6,1
170,7,1
170,8,1
170,9,1
170,10,2
170,11,1
170,12,1
170,13,1
170,14,2
170,15,2
170,16,1
170,17,1
170,18,1
170,19,1
170,20,2
170,21,1
170,22,1
171,1,1
171,2,2
171,3,1
171,4,1
171,5,1
171,6,1
171,7,1
171,8,1
171,9,1
171,10,2
171,11,1
171,12,2
171,13,1
171,14,1
171,15,1
171,16,1
171,17,1
171,18,1
171,19,1
171,20,1
171,21,1
171,22,1
172,1,3
172,2,2
172,3,2
172,4,2
172,5,2
172,6,2
172,7,1
172,8,3
172,9,1
172,10,2
172,11,2
172,12,4
172,13,1
172,14,3
172,15,2
172,16,2
172,17,2
172,18,3
172,19,2
172,20,3
172,21,2
172,22,2
173,1,1
173,2,2
173,3,2
173,4,3
173,5,4
173,6,2
173,7,2
173,8,3
173,9,2
173,10,3
173,11,2
173,12,3
173,13,1
173,14,3
173,15,2
173,16,1
173,17,1
173,18,2
173,19,2
173,20,3
173,21,2
173,22,3
174,1,2
174,2,3
174,3,2
174,4,1
174,5,2
174,6,2
174,7,2
174,8,1
174,9,2
174,10,3
174,11,2
174,12,2
174,13,2
174,14,2
174,15,1
174,16,2
174,17,1
174,18,1
174,19,1
174,20,3
174,21,1
174,22,1
175,1,2
175,2,1
175,3,1
175,4,2
175,5,1
175,6,1
175,7,1
175,8,1
175,9,1
175,10,2
175,11,1
175,12,1
175,13,1
175,14,2
175,15,2
175,16,2
175,17,1
175,18,2
175,19,1
175,20,2
175,21,2
175,22,1
176,1,1
176,2,2
176,3,1
176,4,2
176,5,2
176,6,2
176,7,1
176,8,1
176,9,1
176,10,2
176,11,2
176,12,3
176,13,1
176,14,2
176,15,1
176,16,1
176,17,1
176,18,2
176,19,1
176,20,2
176,21,1
176,22,1
177,1,1
177,2,2
177,3,2
177,4,1
177,5,2
177,6,1
177,7,1
177,8,1
177,9,1
177,10,1
177,11,1
177,12,1
177,13,2
177,14,1
177,15,1
177,16,1
177,17,1
177,18,1
177,19,1
177,20,1
177,21,3
177,22,2
178,1,1
178,2,1
178,3,1
178,4,1
178,5,2
178,6,2
178,7,1
178,8,2
178,9,1
178,10,2
178,11,1
178,12,3
178,13,1
178,14,2
178,15,2
178,16,3
178,17,1
178,18,1
178,19,2
178,20,1
178,21,1
178,22,1
179,1,3
179,2,2
179,3,2
179,4,1
179,5,2
179,6,3
179,7,2
179,8,2
179,9,2
179,10,2
179,11,2
179,12,3
179,13,2
179,14,3
179,15,3
179,16,1
179,17,2
179,18,2
179,19,2
179,20,3
179,21,3
179,22,1
180,1,2
180,2,1
180,3,3
180,4,3
180,5,3
180,6,4
180,7,2
180,8,3
180,9,2
180,10,1
180,11,2
180,12,2
180,13,1
180,14,2
180,15,1
180,16,2
180,17,2
180,18,2
180,19,2
180,20,2
180,21,1
180,22,2
181,1,1
181,2,1
181,3,1
181,4,1
181,5,1
181,6,2
181,7,1
181,8,1
181,9,1
181,10,1
181,11,1
181,12,1
181,13,1
181,14,1
181,15,1
181,16,1
181,17,1
181,18,1
181,19,1
181,20,1
181,21,1
181,22,1
182,1,1
182,2,2
182,3,1
182,4,1
182,5,1
182,6,2
182,7,2
182,8,3
182,9,2
182,10,1
182,11,1
182,12,1
182,13,1
182,14,1
182,15,2
182,16,3
182,17,2
182,18,3
182,19,3
182,20,2
182,21,2
182,22,2
183,1,2
183,2,1
183,3,1
183,4,3
183,5,2
183,6,1
183,7,2
183,8,2
183,9,1
183,10,2
183,11,1
183,12,1
183,13,1
183,14,2
183,15,1
183,16,2
183,17,2
183,18,1
183,19,2
183,20,2
183,21,2
183,22,3
184,1,2
184,2,2
184,3,3
184,4,2
184,5,2
184,6,2
184,7,2
184,8,2
184,9,1
184,10,3
184,11,2
184,12,3
184,13,2
184,14,2
184,15,2
184,16,1
184,17,1
184,18,1
184,19,1
184,20,4
184,21,1
184,22,1
185,1,1
185,2,1
185,3,1
185,4,2
185,5,1
185,6,2
185,7,2
185,8,1
185,9,1
185,10,1
185,11,1
185,12,1
185,13,1
185,14,2
185,15,1
185,16,1
185,17,1
185,18,1
185,19,1
185,20,2
185,21,1
185,22,2
186,1,2
186,2,2
186,3,1
186,4,2
186,5,1
186,6,1
186,7,1
186,8,1
186,9,1
186,10,1
186,11,2
186,12,2
186,13,2
186,14,1
186,15,1
186,16,1
186,17,2
186,18,1
186,19,1
186,20,1
186,21,1
186,22,2
187,1,2
187,2,2
187,3,3
187,4,4
187,5,3
187,6,2
187,7,3
187,8,2
187,9,2
187,10,4
187,11,2
187,12,4
187,13,2
187,14,3
187,15,2
187,16,2
187,17,2
187,18,3
187,19,2
187,20,3
187,21,1
187,22,4
188,1,1
188,2,1
188,3,1
188,4,2
188,5,1
188,6,1
188,7,1
188,8,1
188,9,1
188,10,2
188,11,1
188,12,2
188,13,1
188,14,2
188,15,1
188,16,2
188,17,1
188,18,1
188,19,1
188,20,2
188,21,1
188,22,1
189,1,3
189,2,2
189,3,3
189,4,3
189,5,3
189,6,3
189,7,2
189,8,3
189,9,3
189,10,3
189,11,3
189,12,2
189,13,2
189,14,3
189,15,2
189,16,2
189,17,2
189,18,2
189,19,2
189,20,3
189,21,2
189,22,2
190,1,2
190,2,1
190,3,2
190,4,1
190,5,1
190,6,3
190,7,2
190,8,2
190,9,1
190,10,1
190,11,2
190,12,1
190,13,2
190,14,2
190,15,2
190,16,1
190,17,1
190,18,2
190,19,1
190,20,2
190,21,2
190,22,1
191,1,2
191,2,1
191,3,1
191,4,1
191,5,2
191,6,2
191,7,2
191,8,1
191,9,1
191,10,1
191,11,1
191,12,2
191,13,1
191,14,2
191,15,1
191,16,1
191,17,2
191,18,1
191,19,2
191,20,1
191,21,2
191,22,2
192,1,1
192,2,1
192,3,2
192,4,1
192,5,2
192,6,2
192,7,2
192,8,2
192,9,1
192,10,2
192,11,2
192,12,1
192,13,1
192,14,2
192,15,1
192,16,2
192,17,1
192,18,1
192,19,1
192,20,3
192,21,2
192,22,1
193,1,1
193,2,2
193,3,3
193,4,2
193,5,3
193,6,3
193,7,1
193,8,2
193,9,2
193,10,2
193,11,2
193,12,3
193,13,3
193,14,2
193,15,1
193,16,2
193,17,1
193,18,2
193,19,2
193,20,3
193,21,1
193,22,2
194,1,3
194,2,2
194,3,2
194,4,2
194,5,1
194,6,2
194,7,1
194,8,1
194,9,2
194,10,3
194,11,2
194,12,3
194,13,1
194,14,3
194,15,2
194,16,1
194,17,4
194,18,1
194,19,1
194,20,2
194,21,1
194,22,1
195,1,1
195,2,2
195,3,3
195,4,2
195,5,2
195,6,3
195,7,1
195,8,3
195,9,2
195,10,3
195,11,2
195,12,3
195,13,2
195,14,2
195,15,1
195,16,2
195,17,2
195,18,1
195,19,1
195,20,2
195,21,2
195,22,1
196,1,3
196,2,3
196,3,3
196,4,3
196,5,3
196,6,2
196,7,3
196,8,2
196,9,3
196,10,3
196,11,3
196,12,3
196,13,3
196,14,4
196,15,3
196,16,4
196,17,3
196,18,3
196,19,3
196,20,3
196,21,3
196,22,3
197,1,2
197,2,2
197,3,2
197,4,3
197,5,3
197,6,3
197,7,2
197,8,1
197,9,2
197,10,2
197,11,1
197,12,2
197,13,2
197,14,2
197,15,2
197,16,1
197,17,3
197,18,3
197,19,2
197,20,2
197,21,2
197,22,3
198,1,1
198,2,1
198,3,2
198,4,2
198,5,2
198,6,1
198,7,1
198,8,1
198,9,1
198,10,1
198,11,1
198,12,2
198,13,1
198,14,2
198,15,1
198,16,2
198,17,2
198,18,2
198,19,1
198,20,1
198,21,2
198,22,2
199,1,1
199,2,1
199,3,2
199,4,1
199,5,2
199,6,3
199,7,1
199,8,2
199,9,1
199,10,2
199,11,1
199,12,2
199,13,1
199,14,2
199,15,1
199,16,3
199,17,1
199,18,1
199,19,1
199,20,1
199,21,2
199,22,2
200,1,2
200,2,1
200,3,2
200,4,2
200,5,2
200,6,2
200,7,1
200,8,1
200,9,3
200,10,2
200,11,1
200,12,2
200,13,1
200,14,2
200,15,1
200,16,2
200,17,1
200,18,1
200,19,2
200,20,1
200,21,1
200,22,1
201,1,2
201,2,2
201,3,3
201,4,2
201,5,3
201,6,3
201,7,2
201,8,3
201,9,3
201,10,3
201,11,2
201,12,3
201,13,2
201,14,2
201,15,2
201,16,2
201,17,3
201,18,2
201,19,3
201,20,2
201,21,3
201,22,2
202,1,1
202,2,2
202,3,1
202,4,1
202,5,2
202,6,1
202,7,1
202,8,1
202,9,1
202,10,1
202,11,1
202,12,1
202,13,2
202,14,2
202,15,1
202,16,1
202,17,1
202,18,1
202,19,1
202,20,1
202,21,1
202,22,2
203,1,2
203,2,2
203,3,2
203,4,3
203,5,4
203,6,3
203,7,2
203,8,3
203,9,3
203,10,4
203,11,2
203,12,3
203,13,2
203,14,3
203,15,3
203,16,4
203,17,3
203,18,3
203,19,3
203,20,3
203,21,3
203,22,3
204,1,1
204,2,2
204,3,2
204,4,2
204,5,1
204,6,1
204,7,2
204,8,2
204,9,2
204,10,2
204,11,2
204,12,2
204,13,3
204,14,2
204,15,1
204,16,2
204,17,2
204,18,2
204,19,3
204,20,2
204,21,2
204,22,2
205,1,1
205,2,1
205,3,1
205,4,1
205,5,2
205,6,1
205,7,1
205,8,1
205,9,1
205,10,1
205,11,1
205,12,1
205,13,1
205,14,1
205,15,1
205,16,1
205,17,1
205,18,1
205,19,1
205,20,1
205,21,1
205,22,1
206,1,2
206,2,3
206,3,4
206,4,2
206,5,3
206,6,4
206,7,3
206,8,4
206,9,1
206,10,2
206,11,3
206,12,4
206,13,2
206,14,4
206,15,1
206,16,3
206,17,3
206,18,1
206,19,3
206,20,3
206,21,3
206,22,1
207,1,1
207,2,1
207,3,1
207,4,2
207,5,1
207,6,1
207,7,1
207,8,1
207,9,1
207,10,2
207,11,1
207,12,1
207,13,1
207,14,2
207,15,1
207,16,1
207,17,1
207,18,1
207,19,1
207,20,1
207,21,1
207,22,1
208,1,1
208,2,1
208,3,1
208,4,1
208,5,2
208,6,1
208,7,1
208,8,1
208,9,1
208,10,1
208,11,1
208,12,1
208,13,1
208,14,1
208,15,1
208,16,1
208,17,1
208,18,1
208,19,2
208,20,1
208,21,1
208,22,1
209,1,1
209,2,2
209,3,1
209,4,2
209,5,1
209,6,2
209,7,1
209,8,1
209,9,1
209,10,1
209,11,1
209,12,1
209,13,1
209,14,1
209,15,1
209,16,1
209,17,1
209,18,1
209,19,1
209,20,3
209,21,1
209,22,1
210,1,2
210,2,3
210,3,3
210,4,2
210,5,2
210,6,2
210,7,3
210,8,3
210,9,3
210,10,2
210,11,3
210,12,2
210,13,3
210,14,2
210,15,1
210,16,2
210,17,2
210,18,2
210,19,4
210,20,2
210,21,3
210,22,2
211,1,1
211,2,1
211,3,2
211,4,1
211,5,2
211,6,2
211,7,1
211,8,1
211,9,1
211,10,1
211,11,1
211,12,3
211,13,2
211,14,2
211,15,2
211,16,1
211,17,1
211,18,1
211,19,1
211,20,2
211,21,1
211,22,2
212,1,3
212,2,3
212,3,4
212,4,3
212,5,4
212,6,4
212,7,3
212,8,3
212,9,2
212,10,3
212,11,1
212,12,3
212,13,3
212,14,3
212,15,2
212,16,2
212,17,2
212,18,3
212,19,3
212,20,3
212,21,1
212,22,3
213,1,3
213,2,2
213,3,1
213,4,1
213,5,1
213,6,1
213,7,2
213,8,1
213,9,2
213,10,2
213,11,2
213,12,1
213,13,2
213,14,1
213,15,2
213,16,1
213,17,2
213,18,3
213,19,2
213,20,2
213,21,2
213,22,2
214,1,1
214,2,1
214,3,1
214,4,1
214,5,1
214,6,1
214,7,1
214,8,1
214,9,1
214,10,1
214,11,1
214,12,1
214,13,1
214,14,1
214,15,2
214,16,1
214,17,1
214,18,1
214,19,1
214,20,1
214,21,1
214,22,1
215,1,3
215,2,2
215,3,2
215,4,3
215,5,2
215,6,2
215,7,2
215,8,2
215,9,3
215,10,4
215,11,2
215,12,4
215,13,1
215,14,2
215,15,1
215,16,2
215,17,1
215,18,2
215,19,2
215,20,2
215,21,3
215,22,3
216,1,1
216,2,1
216,3,1
216,4,1
216,5,1
216,6,2
216,7,1
216,8,1
216,9,1
216,10,1
216,11,1
216,12,1
216,13,1
216,14,1
216,15,1
216,16,1
216,17,2
216,18,1
216,19,1
216,20,1
216,21,1
216,22,1
217,1,1
217,2,1
217,3,1
217,4,1
217,5,1
217,6,1
217,7,1
217,8,1
217,9,2
217,10,1
217,11,1
217,12,2
217,13,1
217,14,1
217,15,1
217,16,1
217,17,2
217,18,1
217,19,1
217,20,1
217,21,1
217,22,1
218,1,2
218,2,3
218,3,2
218,4,2
218,5,2
218,6,2
218,7,2
218,8,1
218,9,2
218,10,2
218,11,3
218,12,1
218,13,2
218,14,2
218,15,2
218,16,2
218,17,2
218,18,3
218,19,1
218,20,2
218,21,4
218,22,2
219,1,1
219,2,1
219,3,2
219,4,1
219,5,2
219,6,2
219,7,1
219,8,1
219,9,2
219,10,2
219,11,1
219,12,2
219,13,1
219,14,2
219,15,1
219,16,1
219,17,2
219,18,1
219,19,1
219,20,2
219,21,1
219,22,1
220,1,1
220,2,2
220,3,1
220,4,2
220,5,1
220,6,1
220,7,1
220,8,2
220,9,1
220,10,1
220,11,1
220,12,1
220,13,1
220,14,2
220,15,1
220,16,2
220,17,1
220,18,1
220,19,1
220,20,1
220,21,1
220,22,1
221,1,4
221,2,2
221,3,3
221,4,3
221,5,3
221,6,3
221,7,4
221,8,2
221,9,2
221,10,3
221,11,3
221,12,3
221,13,3
221,14,4
221,15,3
221,16,3
221,17,2
221,18,2
221,19,3
221,20,3
221,21,3
221,22,2
222,1,2
222,2,1
222,3,1
222,4,1
222,5,1
222,6,1
222,7,1
222,8,1
222,9,2
222,10,1
222,11,1
222,12,1
222,13,1
222,14,1
222,15,1
222,16,1
222,17,1
222,18,1
222,19,1
222,20,1
222,21,1
222,22,2
223,1,3
223,2,2
223,3,2
223,4,3
223,5,2
223,6,2
223,7,2
223,8,3
223,9,1
223,10,3
223,11,3
223,12,2
223,13,2
223,14,3
223,15,3
223,16,2
223,17,4
223,18,2
223,19,2
223,20,2
223,21,1
223,22,2
224,1,1
224,2,1
224,3,2
224,4,1
224,5,2
224,6,2
224,7,2
224,8,3
224,9,1
224,10,1
224,11,2
224,12,1
224,13,1
224,14,3
224,15,1
224,16,1
224,17,2
224,18,1
224,19,2
224,20,2
224,21,2
224,22,2
225,1,3
225,2,2
225,3,3
225,4,2
225,5,3
225,6,4
225,7,3
225,8,3
225,9,3
225,10,4
225,11,3
225,12,3
225,13,2
225,14,3
225,15,1
225,16,4
225,17,2
225,18,2
225,19,3
225,20,4
225,21,3
225,22,2
226,1,2
226,2,3
226,3,4
226,4,4
226,5,3
226,6,4
226,7,3
226,8,3
226,9,3
226,10,4
226,11,3
226,12,3
226,13,3
226,14,4
226,15,4
226,16,3
226,17,3
226,18,2
226,19,4
226,20,4
226,21,2
226,22,4
227,1,2
227,2,1
227,3,2
227,4,2
227,5,2
227,6,1
227,7,1
227,8,2
227,9,1
227,10,2
227,11,2
227,12,1
227,13,1
227,14,1
227,15,1
227,16,1
227,17,1
227,18,2
227,19,2
227,20,3
227,21,1
227,22,2
228,1,2
228,2,1
228,3,3
228,4,3
228,5,4
228,6,4
228,7,1
228,8,3
228,9,2
228,10,3
228,11,1
228,12,3
228,13,2
228,14,2
228,15,2
228,16,3
228,17,1
228,18,1
228,19,1
228,20,4
228,21,1
228,22,2
229,1,1
229,2,1
229,3,1
229,4,1
229,5,1
229,6,1
229,7,2
229,8,1
229,9,2
229,10,2
229,11,1
229,12,1
229,13,1
229,14,2
229,15,2
229,16,1
229,17,1
229,18,3
229,19,1
229,20,1
229,21,2
229,22,1
230,1,1
230,2,1
230,3,1
230,4,1
230,5,1
230,6,1
230,7,1
230,8,1
230,9,1
230,10,2
230,11,1
230,12,2
230,13,1
230,14,1
230,15,1
230,16,2
230,17,1
230,18,1
230,19,1
230,20,2
230,21,1
230,22,1
231,1,1
231,2,2
231,3,2
231,4,3
231,5,1
231,6,2
231,7,3
231,8,3
231,9,3
231,10,1
231,11,1
231,12,2
231,13,1
231,14,2
231,15,3
231,16,2
231,17,1
231,18,3
231,19,2
231,20,2
231,21,2
231,22,1
232,1,2
232,2,1
232,3,2
232,4,2
232,5,2
232,6,3
232,7,2
232,8,1
232,9,3
232,10,3
232,11,2
232,12,2
232,13,2
232,14,3
232,15,1
232,16,2
232,17,2
232,18,2
232,19,2
232,20,3
232,21,2
232,22,2
233,1,3
233,2,2
233,3,4
233,4,3
233,5,4
233,6,4
233,7,3
233,8,3
233,9,2
233,10,3
233,11,1
233,12,3
233,13,2
233,14,3
233,15,2
233,16,2
233,17,3
233,18,2
233,19,2
233,20,3
233,21,3
233,22,2
234,1,1
234,2,1
234,3,1
234,4,1
234,5,1
234,6,1
234,7,1
234,8,1
234,9,1
234,10,1
234,11,2
234,12,2
234,13,1
234,14,1
234,15,1
234,16,1
234,17,1
234,18,1
234,19,1
234,20,1
234,21,1
234,22,1
235,1,1
235,2,1
235,3,2
235,4,2
235,5,2
235,6,1
235,7,1
235,8,1
235,9,1
235,10,2
235,11,1
235,12,1
235,13,1
235,14,1
235,15,1
235,16,1
235,17,1
235,18,1
235,19,1
235,20,2
235,21,1
235,22,1
236,1,1
236,2,1
236,3,1
236,4,1
236,5,1
236,6,1
236,7,1
236,8,2
236,9,2
236,10,1
236,11,1
236,12,1
236,13,1
236,14,1
236,15,2
236,16,1
236,17,2
236,18,2
236,19,1
236,20,1
236,21,3
236,22,2
237,1,1
237,2,1
237,3,1
237,4,1
237,5,1
237,6,1
237,7,1
237,8,1
237,9,1
237,10,1
237,11,1
237,12,2
237,13,1
237,14,1
237,15,1
237,16,1
237,17,1
237,18,1
237,19,1
237,20,1
237,21,2
237,22,2
238,1,1
238,2,1
238,3,1
238,4,1
238,5,1
238,6,1
238,7,1
238,8,1
238,9,1
238,10,2
238,11,1
238,12,1
238,13,1
238,14,1
238,15,1
238,16,1
238,17,1
238,18,1
238,19,1
238,20,1
238,21,1
238,22,1
239,1,4
239,2,2
239,3,2
239,4,1
239,5,2
239,6,3
239,7,3
239,8,4
239,9,2
239,10,3
239,11,3
239,12,3
239,13,1
239,14,2
239,15,2
239,16,3
239,17,2
239,18,3
239,19,3
239,20,3
239,21,2
239,22,3
240,1,2
240,2,1
240,3,1
240,4,2
240,5,1
240,6,2
240,7,1
240,8,1
240,9,2
240,10,2
240,11,1
240,12,2
240,13,1
240,14,2
240,15,1
240,16,2
240,17,1
240,18,1
240,19,1
240,20,1
240,21,1
240,22,1
241,1,1
241,2,1
241,3,1
241,4,1
241,5,1
241,6,2
241,7,1
241,8,2
241,9,1
241,10,2
241,11,1
241,12,2
241,13,1
241,14,2
241,15,2
241,16,1
241,17,1
241,18,1
241,19,1
241,20,2
241,21,1
241,22,1
242,1,1
242,2,1
242,3,1
242,4,1
242,5,1
242,6,1
242,7,1
242,8,1
242,9,1
242,10,1
242,11,1
242,12,2
242,13,1
242,14,1
242,15,1
242,16,1
242,17,1
242,18,1
242,19,1
242,20,1
242,21,1
242,22,1
243,1,4
243,2,3
243,3,4
243,4,3
243,5,4
243,6,2
243,7,4
243,8,3
243,9,3
243,10,4
243,11,3
243,12,3
243,13,4
243,14,3
243,15,4
243,16,4
243,17,3
243,18,4
243,19,4
243,20,4
243,21,3
243,22,3
244,1,1
244,2,3
244,3,3
244,4,3
244,5,3
244,6,2
244,7,3
244,8,3
244,9,2
244,10,3
244,11,1
244,12,3
244,13,2
244,14,2
244,15,2
244,16,4
244,17,2
244,18,2
244,19,3
244,20,3
244,21,2
244,22,2
245,1,1
245,2,1
245,3,1
245,4,2
245,5,3
245,6,2
245,7,1
245,8,2
245,9,1
245,10,2
245,11,1
245,12,2
245,13,1
245,14,1
245,15,1
245,16,2
245,17,1
245,18,1
245,19,1
245,20,1
245,21,1
245,22,1
246,1,3
246,2,2
246,3,3
246,4,3
246,5,4
246,6,3
246,7,2
246,8,3
246,9,2
246,10,2
246,11,2
246,12,3
246,13,3
246,14,3
246,15,2
246,16,3
246,17,2
246,18,2
246,19,2
246,20,3
246,21,2
246,22,2
247,1,1
247,2,1
247,3,1
247,4,2
247,5,1
247,6,1
247,7,1
247,8,1
247,9,1
247,10,1
247,11,1
247,12,3
247,13,2
247,14,1
247,15,2
247,16,2
247,17,2
247,18,2
247,19,1
247,20,3
247,21,1
247,22,2
248,1,2
248,2,2
248,3,3
248,4,2
248,5,3
248,6,3
248,7,2
248,8,2
248,9,4
248,10,2
248,11,2
248,12,2
248,13,3
248,14,3
248,15,2
248,16,3
248,17,2
248,18,2
248,19,2
248,20,2
248,21,2
248,22,2
249,1,3
249,2,3
249,3,3
249,4,2
249,5,2
249,6,3
249,7,3
249,8,3
249,9,2
249,10,3
249,11,4
249,12,4
249,13,2
249,14,3
249,15,4
249,16,3
249,17,3
249,18,3
249,19,3
249,20,3
249,21,3
249,22,3
250,1,1
250,2,1
250,3,1
250,4,1
250,5,1
250,6,1
250,7,1
250,8,1
250,9,1
250,10,1
250,11,1
250,12,1
250,13,1
250,14,2
250,15,1
250,16,1
250,17,1
250,18,1
250,19,1
250,20,1
250,21,1
250,22,1
251,1,1
251,2,1
251,3,2
251,4,3
251,5,2
251,6,2
251,7,1
251,8,2
251,9,2
251,10,3
251,11,1
251,12,2
251,13,1
251,14,3
251,15,1
251,16,3
251,17,2
251,18,2
251,19,2
251,20,2
251,21,2
251,22,1
252,1,2
252,2,1
252,3,1
252,4,1
252,5,1
252,6,1
252,7,2
252,8,1
252,9,1
252,10,1
252,11,1
252,12,1
252,13,2
252,14,1
252,15,1
252,16,1
252,17,1
252,18,1
252,19,1
252,20,1
252,21,1
252,22,1
253,1,1
253,2,1
253,3,3
253,4,2
253,5,2
253,6,3
253,7,2
253,8,3
253,9,3
253,10,3
253,11,1
253,12,2
253,13,1
253,14,2
253,15,1
253,16,2
253,17,2
253,18,1
253,19,1
253,20,3
253,21,1
253,22,1
254,1,1
254,2,1
254,3,1
254,4,2
254,5,1
254,6,1
254,7,2
254,8,2
254,9,2
254,10,1
254,11,1
254,12,2
254,13,2
254,14,3
254,15,2
254,16,2
254,17,1
254,18,2
254,19,1
254,20,2
254,21,3
254,22,2
255,1,3
255,2,1
255,3,1
255,4,1
255,5,2
255,6,2
255,7,1
255,8,1
255,9,1
255,10,2
255,11,1
255,12,2
255,13,1
255,14,1
255,15,1
255,16,1
255,17,1
255,18,1
255,19,2
255,20,2
255,21,1
255,22,1
256,1,2
256,2,1
256,3,2
256,4,1
256,5,3
256,6,1
256,7,2
256,8,2
256,9,1
256,10,1
256,11,2
256,12,2
256,13,1
256,14,1
256,15,3
256,16,1
256,17,3
256,18,2
256,19,3
256,20,1
256,21,2
256,22,3
257,1,3
257,2,3
257,3,3
257,4,3
257,5,4
257,6,4
257,7,3
257,8,3
257,9,3
257,10,4
257,11,3
257,12,3
257,13,3
257,14,4
257,15,2
257,16,4
257,17,2
257,18,3
257,19,3
257,20,4
257,21,2
257,22,3
258,1,1
258,2,1
258,3,1
258,4,1
258,5,1
258,6,1
258,7,2
258,8,1
258,9,1
258,10,1
258,11,1
258,12,1
258,13,1
258,14,1
258,15,1
258,16,1
258,17,1
258,18,1
258,19,2
258,20,2
258,21,1
258,22,1
259,1,1
259,2,3
259,3,2
259,4,3
259,5,2
259,6,3
259,7,2
259,8,3
259,9,1
259,10,2
259,11,1
259,12,3
259,13,2
259,14,3
259,15,2
259,16,2
259,17,2
259,18,2
259,19,1
259,20,1
259,21,2
259,22,2
260,1,1
260,2,1
260,3,1
260,4,1
260,5,1
260,6,1
260,7,2
260,8,1
260,9,1
260,10,2
260,11,1
260,12,1
260,13,2
260,14,1
260,15,1
260,16,1
260,17,1
260,18,1
260,19,1
260,20,2
260,21,2
260,22,1
261,1,2
261,2,2
261,3,2
261,4,3
261,5,3
261,6,3
261,7,2
261,8,2
261,9,3
261,10,3
261,11,2
261,12,3
261,13,2
261,14,3
261,15,3
261,16,4
261,17,2
261,18,3
261,19,2
261,20,4
261,21,3
261,22,3
262,1,4
262,2,2
262,3,4
262,4,3
262,5,2
262,6,3
262,7,2
262,8,3
262,9,3
262,10,3
262,11,3
262,12,3
262,13,2
262,14,3
262,15,3
262,16,3
262,17,2
262,18,2
262,19,1
262,20,4
262,21,3
262,22,2
263,1,1
263,2,1
263,3,2
263,4,2
263,5,3
263,6,1
263,7,1
263,8,2
263,9,2
263,10,2
263,11,1
263,12,2
263,13,1
263,14,2
263,15,2
263,16,2
263,17,1
263,18,2
263,19,1
263,20,2
263,21,1
263,22,1
264,1,1
264,2,1
264,3,3
264,4,2
264,5,2
264,6,3
264,7,2
264,8,3
264,9,2
264,10,2
264,11,2
264,12,2
264,13,2
264,14,2
264,15,2
264,16,3
264,17,3
264,18,2
264,19,3
264,20,2
264,21,2
264,22,2
265,1,1
265,2,1
265,3,1
265,4,1
265,5,2
265,6,2
265,7,1
265,8,1
265,9,2
265,10,2
265,11,1
265,12,3
265,13,1
265,14,2
265,15,1
265,16,1
265,17,1
265,18,2
265,19,1
265,20,2
265,21,1
265,22,1
266,1,1
266,2,1
266,3,1
266,4,1
266,5,1
266,6,1
266,7,1
266,8,1
266,9,1
266,10,1
266,11,1
266,12,1
266,13,2
266,14,1
266,15,1
266,16,1
266,17,1
266,18,2
266,19,1
266,20,1
266,21,1
266,22,1
267,1,2
267,2,3
267,3,3
267,4,4
267,5,3
267,6,4
267,7,2
267,8,2
267,9,2
267,10,4
267,11,3
267,12,4
267,13,2
267,14,2
267,15,2
267,16,2
267,17,1
267,18,1
267,19,2
267,20,3
267,21,2
267,22,2
268,1,1
268,2,2
268,3,2
268,4,2
268,5,2
268,6,2
268,7,2
268,8,2
268,9,1
268,10,1
268,11,3
268,12,2
268,13,1
268,14,3
268,15,1
268,16,2
268,17,1
268,18,1
268,19,1
268,20,3
268,21,1
268,22,2
269,1,3
269,2,3
269,3,3
269,4,3
269,5,3
269,6,3
269,7,3
269,8,2
269,9,2
269,10,4
269,11,2
269,12,3
269,13,3
269,14,4
269,15,4
269,16,3
269,17,3
269,18,4
269,19,3
269,20,4
269,21,3
269,22,3
270,1,1
270,2,1
270,3,2
270,4,1
270,5,1
270,6,1
270,7,1
270,8,2
270,9,1
270,10,2
270,11,1
270,12,2
270,13,2
270,14,2
270,15,2
270,16,1
270,17,1
270,18,1
270,19,1
270,20,2
270,21,1
270,22,1
271,1,1
271,2,1
271,3,1
271,4,1
271,5,1
271,6,1
271,7,1
271,8,1
271,9,1
271,10,1
271,11,1
271,12,1
271,13,1
271,14,1
271,15,1
271,16,1
271,17,1
271,18,1
271,19,2
271,20,2
271,21,1
271,22,1
272,1,1
272,2,1
272,3,1
272,4,1
272,5,1
272,6,1
272,7,1
272,8,1
272,9,1
272,10,1
272,11,1
272,12,1
272,13,1
272,14,1
272,15,1
272,16,1
272,17,2
272,18,1
272,19,1
272,20,1
272,21,1
272,22,1
273,1,1
273,2,1
273,3,2
273,4,3
273,5,4
273,6,3
273,7,2
273,8,3
273,9,1
273,10,2
273,11,1
273,12,2
273,13,1
273,14,2
273,15,1
273,16,2
273,17,1
273,18,2
273,19,1
273,20,2
273,21,1
273,22,1
274,1,4
274,2,3
274,3,3
274,4,3
274,5,3
274,6,4
274,7,4
274,8,4
274,9,4
274,10,4
274,11,3
274,12,2
274,13,4
274,14,3
274,15,3
274,16,4
274,17,3
274,18,4
274,19,4
274,20,4
274,21,3
274,22,4
275,1,1
275,2,1
275,3,1
275,4,1
275,5,1
275,6,2
275,7,1
275,8,1
275,9,1
275,10,2
275,11,1
275,12,1
275,13,1
275,14,1
275,15,1
275,16,1
275,17,1
275,18,1
275,19,1
275,20,1
275,21,1
275,22,2
276,1,1
276,2,2
276,3,1
276,4,1
276,5,2
276,6,1
276,7,1
276,8,1
276,9,2
276,10,2
276,11,2
276,12,1
276,13,1
276,14,1
276,15,2
276,16,1
276,17,1
276,18,1
276,19,1
276,20,2
276,21,1
276,22,1
277,1,1
277,2,1
277,3,1
277,4,2
277,5,2
277,6,2
277,7,2
277,8,1
277,9,1
277,10,2
277,11,2
277,12,1
277,13,1
277,14,2
277,15,1
277,16,1
277,17,1
277,18,1
277,19,2
277,20,1
277,21,2
277,22,2
278,1,1
278,2,1
278,3,2
278,4,2
278,5,3
278,6,3
278,7,2
278,8,1
278,9,2
278,10,2
278,11,2
278,12,3
278,13,1
278,14,2
278,15,2
278,16,2
278,17,1
278,18,2
278,19,1
278,20,3
278,21,2
278,22,1
279,1,1
279,2,1
279,3,2
279,4,1
279,5,1
279,6,1
279,7,1
279,8,1
279,9,1
279,10,1
279,11,1
279,12,1
279,13,1
279,14,1
279,15,2
279,16,1
279,17,1
279,18,1
279,19,1
279,20,1
279,21,1
279,22,1
280,1,1
280,2,1
280,3,1
280,4,1
280,5,1
280,6,1
280,7,1
280,8,1
280,9,1
280,10,1
280,11,1
280,12,1
280,13,1
280,14,1
280,15,1
280,16,2
280,17,1
280,18,2
280,19,1
280,20,1
280,21,1
280,22,2
281,1,1
281,2,1
281,3,1
281,4,1
281,5,1
281,6,2
281,7,1
281,8,2
281,9,2
281,10,2
281,11,1
281,12,1
281,13,2
281,14,1
281,15,1
281,16,1
281,17,2
281,18,1
281,19,2
281,20,2
281,21,1
281,22,1
282,1,1
282,2,1
282,3,3
282,4,1
282,5,2
282,6,2
282,7,2
282,8,2
282,9,1
282,10,3
282,11,2
282,12,2
282,13,2
282,14,2
282,15,1
282,16,2
282,17,1
282,18,1
282,19,1
282,20,3
282,21,2
282,22,1
283,1,1
283,2,2
283,3,2
283,4,1
283,5,1
283,6,2
283,7,1
283,8,2
283,9,1
283,10,2
283,11,1
283,12,2
283,13,3
283,14,2
283,15,2
283,16,2
283,17,1
283,18,1
283,19,1
283,20,2
283,21,1
283,22,1
284,1,2
284,2,2
284,3,2
284,4,1
284,5,3
284,6,2
284,7,1
284,8,3
284,9,1
284,10,2
284,11,2
284,12,2
284,13,1
284,14,1
284,15,1
284,16,3
284,17,2
284,18,1
284,19,2
284,20,3
284,21,1
284,22,2
285,1,1
285,2,1
285,3,3
285,4,2
285,5,3
285,6,3
285,7,2
285,8,2
285,9,1
285,10,2
285,11,1
285,12,3
285,13,2
285,14,3
285,15,2
285,16,3
285,17,2
285,18,3
285,19,2
285,20,2
285,21,2
285,22,2
286,1,2
286,2,1
286,3,1
286,4,2
286,5,1
286,6,1
286,7,3
286,8,2
286,9,2
286,10,1
286,11,2
286,12,1
286,13,3
286,14,2
286,15,2
286,16,2
286,17,3
286,18,3
286,19,2
286,20,2
286,21,1
286,22,2
287,1,2
287,2,1
287,3,1
287,4,2
287,5,1
287,6,1
287,7,1
287,8,2
287,9,2
287,10,2
287,11,2
287,12,2
287,13,2
287,14,2
287,15,1
287,16,2
287,17,1
287,18,1
287,19,2
287,20,1
287,21,1
287,22,1
288,1,1
288,2,1
288,3,1
288,4,2
288,5,1
288,6,2
288,7,3
288,8,1
288,9,1
288,10,2
288,11,1
288,12,2
288,13,1
288,14,2
288,15,2
288,16,1
288,17,2
288,18,2
288,19,1
288,20,1
288,21,2
288,22,2
289,1,2
289,2,3
289,3,1
289,4,1
289,5,2
289,6,1
289,7,2
289,8,2
289,9,2
289,10,1
289,11,2
289,12,2
289,13,2
289,14,2
289,15,2
289,16,3
289,17,2
289,18,3
289,19,2
289,20,3
289,21,2
289,22,2
290,1,1
290,2,2
290,3,1
290,4,1
290,5,3
290,6,1
290,7,2
290,8,1
290,9,1
290,10,1
290,11,1
290,12,1
290,13,2
290,14,1
290,15,1
290,16,2
290,17,1
290,18,1
290,19,2
290,20,1
290,21,2
290,22,1
291,1,1
291,2,2
291,3,1
291,4,1
291,5,2
291,6,1
291,7,1
291,8,1
291,9,1
291,10,2
291,11,1
291,12,2
291,13,2
291,14,2
291,15,1
291,16,1
291,17,1
291,18,1
291,19,2
291,20,2
291,21,2
291,22,1
292,1,1
292,2,2
292,3,2
292,4,1
292,5,2
292,6,2
292,7,1
292,8,3
292,9,2
292,10,2
292,11,2
292,12,2
292,13,1
292,14,2
292,15,2
292,16,2
292,17,1
292,18,1
292,19,2
292,20,2
292,21,1
292,22,1
293,1,1
293,2,1
293,3,1
293,4,1
293,5,1
293,6,1
293,7,1
293,8,1
293,9,1
293,10,1
293,11,1
293,12,1
293,13,1
293,14,1
293,15,1
293,16,1
293,17,1
293,18,1
293,19,1
293,20,1
293,21,1
293,22,1
294,1,2
294,2,1
294,3,1
294,4,1
294,5,1
294,6,1
294,7,1
294,8,2
294,9,1
294,10,2
294,11,1
294,12,1
294,13,1
294,14,3
294,15,1
294,16,1
294,17,1
294,18,2
294,19,1
294,20,2
294,21,1
294,22,1
295,1,1
295,2,2
295,3,3
295,4,3
295,5,3
295,6,4
295,7,2
295,8,2
295,9,2
295,10,3
295,11,2
295,12,3
295,13,2
295,14,2
295,15,2
295,16,2
295,17,2
295,18,2
295,19,1
295,20,3
295,21,1
295,22,2
296,1,1
296,2,1
296,3,1
296,4,1
296,5,1
296,6,1
296,7,1
296,8,1
296,9,1
296,10,1
296,11,1
296,12,1
296,13,1
296,14,2
296,15,1
296,16,1
296,17,1
296,18,2
296,19,1
296,20,1
296,21,1
296,22,1
297,1,1
297,2,2
297,3,2
297,4,2
297,5,3
297,6,4
297,7,2
297,8,3
297,9,2
297,10,4
297,11,2
297,12,4
297,13,1
297,14,3
297,15,2
297,16,4
297,17,3
297,18,2
297,19,2
297,20,4
297,21,2
297,22,2
298,1,1
298,2,2
298,3,2
298,4,2
298,5,3
298,6,2
298,7,1
298,8,2
298,9,2
298,10,3
298,11,1
298,12,2
298,13,2
298,14,1
298,15,1
298,16,1
298,17,2
298,18,2
298,19,1
298,20,1
298,21,2
298,22,2
299,1,1
299,2,1
299,3,2
299,4,2
299,5,3
299,6,2
299,7,2
299,8,2
299,9,1
299,10,1
299,11,1
299,12,1
299,13,3
299,14,3
299,15,2
299,16,3
299,17,1
299,18,1
299,19,1
299,20,3
299,21,2
299,22,2
300,1,1
300,2,3
300,3,1
300,4,1
300,5,1
300,6,1
300,7,1
300,8,2
300,9,2
300,10,1
300,11,1
300,12,1
300,13,1
300,14,1
300,15,2
300,16,1
300,17,1
300,18,1
300,19,2
300,20,3
300,21,2
300,22,2
301,1,1
301,2,1
301,3,1
301,4,2
301,5,2
301,6,1
301,7,1
301,8,1
301,9,1
301,10,2
301,11,2
301,12,1
301,13,1
301,14,2
301,15,1
301,16,2
301,17,1
301,18,1
301,19,1
301,20,1
301,21,1
301,22,1
302,1,1
302,2,2
302,3,2
302,4,3
302,5,3
302,6,3
302,7,1
302,8,3
302,9,2
302,10,3
302,11,2
302,12,2
302,13,2
302,14,3
302,15,3
302,16,3
302,17,2
302,18,1
302,19,2
302,20,2
302,21,2
302,22,2
303,1,3
303,2,2
303,3,2
303,4,3
303,5,4
303,6,3
303,7,2
303,8,3
303,9,3
303,10,3
303,11,2
303,12,3
303,13,3
303,14,3
303,15,2
303,16,4
303,17,1
303,18,3
303,19,2
303,20,3
303,21,2
303,22,2
304,1,2
304,2,3
304,3,3
304,4,4
304,5,4
304,6,2
304,7,3
304,8,2
304,9,2
304,10,2
304,11,2
304,12,2
304,13,4
304,14,3
304,15,3
304,16,3
304,17,2
304,18,3
304,19,2
304,20,3
304,21,3
304,22,3
305,1,1
305,2,2
305,3,2
305,4,3
305,5,3
305,6,2
305,7,2
305,8,1
305,9,2
305,10,2
305,11,1
305,12,3
305,13,1
305,14,2
305,15,2
305,16,2
305,17,1
305,18,3
305,19,2
305,20,3
305,21,1
305,22,3
306,1,1
306,2,1
306,3,1
306,4,2
306,5,1
306,6,1
306,7,1
306,8,1
306,9,1
306,10,2
306,11,1
306,12,2
306,13,1
306,14,1
306,15,1
306,16,1
306,17,1
306,18,1
306,19,2
306,20,1
306,21,1
306,22,1
307,1,2
307,2,2
307,3,2
307,4,3
307,5,2
307,6,2
307,7,2
307,8,2
307,9,1
307,10,3
307,11,2
307,12,2
307,13,1
307,14,3
307,15,2
307,16,2
307,17,1
307,18,2
307,19,2
307,20,2
307,21,2
307,22,2
308,1,2
308,2,1
308,3,2
308,4,2
308,5,2
308,6,3
308,7,3
308,8,2
308,9,2
308,10,4
308,11,2
308,12,2
308,13,2
308,14,2
308,15,3
308,16,2
308,17,3
308,18,2
308,19,2
308,20,3
308,21,1
308,22,2
309,1,3
309,2,3
309,3,2
309,4,1
309,5,2
309,6,3
309,7,2
309,8,2
309,9,3
309,10,2
309,11,2
309,12,2
309,13,2
309,14,1
309,15,2
309,16,4
309,17,2
309,18,2
309,19,2
309,20,2
309,21,3
309,22,1
310,1,3
310,2,3
310,3,4
310,4,4
310,5,4
310,6,4
310,7,4
310,8,3
310,9,3
310,10,4
310,11,4
310,12,4
310,13,3
310,14,4
310,15,3
310,16,3
310,17,3
310,18,3
310,19,2
310,20,3
310,21,3
310,22,4
311,1,1
311,2,2
311,3,2
311,4,2
311,5,2
311,6,2
311,7,1
311,8,2
311,9,2
311,10,2
311,11,1
311,12,2
311,13,1
311,14,2
311,15,1
311,16,2
311,17,1
311,18,1
311,19,2
311,20,3
311,21,1
311,22,1
312,1,1
312,2,1
312,3,1
312,4,2
312,5,3
312,6,2
312,7,1
312,8,2
312,9,1
312,10,3
312,11,1
312,12,2
312,13,1
312,14,3
312,15,1
312,16,1
312,17,1
312,18,1
312,19,2
312,20,2
312,21,1
312,22,1
313,1,2
313,2,1
313,3,2
313,4,3
313,5,4
313,6,3
313,7,3
313,8,2
313,9,2
313,10,3
313,11,3
313,12,3
313,13,2
313,14,3
313,15,3
313,16,3
313,17,3
313,18,3
313,19,3
313,20,3
313,21,1
313,22,2
314,1,3
314,2,1
314,3,3
314,4,2
314,5,2
314,6,2
314,7,2
314,8,1
314,9,2
314,10,2
314,11,1
314,12,2
314,13,1
314,14,3
314,15,2
314,16,3
314,17,1
314,18,2
314,19,1
314,20,3
314,21,2
314,22,2
315,1,1
315,2,1
315,3,1
315,4,1
315,5,1
315,6,1
315,7,1
315,8,1
315,9,2
315,10,1
315,11,1
315,12,2
315,13,1
315,14,1
315,15,1
315,16,1
315,17,1
315,18,1
315,19,1
315,20,2
315,21,1
315,22,1
316,1,1
316,2,1
316,3,1
316,4,1
316,5,1
316,6,1
316,7,1
316,8,2
316,9,1
316,10,2
316,11,1
316,12,2
316,13,1
316,14,1
316,15,1
316,16,1
316,17,2
316,18,1
316,19,1
316,20,1
316,21,1
316,22,1
317,1,2
317,2,1
317,3,1
317,4,1
317,5,2
317,6,1
317,7,1
317,8,1
317,9,2
317,10,1
317,11,1
317,12,1
317,13,1
317,14,1
317,15,1
317,16,1
317,17,1
317,18,1
317,19,1
317,20,1
317,21,1
317,22,1
318,1,1
318,2,2
318,3,1
318,4,1
318,5,2
318,6,2
318,7,1
318,8,1
318,9,1
318,10,2
318,11,1
318,12,2
318,13,1
318,14,3
318,15,1
318,16,1
318,17,2
318,18,1
318,19,1
318,20,3
318,21,1
318,22,1
319,1,4
319,2,3
319,3,3
319,4,2
319,5,2
319,6,3
319,7,3
319,8,2
319,9,3
319,10,3
319,11,3
319,12,4
319,13,2
319,14,3
319,15,2
319,16,3
319,17,2
319,18,3
319,19,1
319,20,2
319,21,3
319,22,2
320,1,1
320,2,1
320,3,2
320,4,1
320,5,2
320,6,1
320,7,1
320,8,2
320,9,2
320,10,1
320,11,1
320,12,2
320,13,1
320,14,2
320,15,1
320,16,1
320,17,1
320,18,1
320,19,1
320,20,2
320,21,1
320,22,1
321,1,2
321,2,2
321,3,2
321,4,2
321,5,2
321,6,1
321,7,2
321,8,2
321,9,1
321,10,2
321,11,1
321,12,3
321,13,2
321,14,2
321,15,2
321,16,2
321,17,2
321,18,2
321,19,1
321,20,2
321,21,2
321,22,1
322,1,3
322,2,2
322,3,2
322,4,1
322,5,2
322,6,3
322,7,1
322,8,2
322,9,1
322,10,3
322,11,3
322,12,3
322,13,1
322,14,3
322,15,1
322,16,1
322,17,2
322,18,1
322,19,2
322,20,2
322,21,2
322,22,2
323,1,3
323,2,3
323,3,3
323,4,4
323,5,3
323,6,3
323,7,3
323,8,2
323,9,4
323,10,3
323,11,3
323,12,3
323,13,3
323,14,3
323,15,3
323,16,3
323,17,4
323,18,3
323,19,3
323,20,4
323,21,3
323,22,3
324,1,2
324,2,2
324,3,4
324,4,2
324,5,3
324,6,3
324,7,2
324,8,3
324,9,2
324,10,2
324,11,3
324,12,3
324,13,3
324,14,3
324,15,2
324,16,2
324,17,1
324,18,2
324,19,2
324,20,2
324,21,4
324,22,2
325,1,1
325,2,1
325,3,1
325,4,1
325,5,2
325,6,1
325,7,1
325,8,1
325,9,1
325,10,1
325,11,1
325,12,1
325,13,1
325,14,1
325,15,1
325,16,1
325,17,1
325,18,1
325,19,1
325,20,1
325,21,1
325,22,1
326,1,1
326,2,1
326,3,1
326,4,2
326,5,2
326,6,2
326,7,1
326,8,2
326,9,2
326,10,3
326,11,1
326,12,2
326,13,2
326,14,3
326,15,2
326,16,1
326,17,1
326,18,1
326,19,1
326,20,3
326,21,1
326,22,3
327,1,1
327,2,2
327,3,1
327,4,2
327,5,3
327,6,3
327,7,1
327,8,2
327,9,2
327,10,2
327,11,1
327,12,2
327,13,2
327,14,3
327,15,2
327,16,2
327,17,1
327,18,1
327,19,1
327,20,2
327,21,1
327,22,2
328,1,4
328,2,3
328,3,3
328,4,4
328,5,3
328,6,3
328,7,4
328,8,4
328,9,4
328,10,4
328,11,4
328,12,4
328,13,4
328,14,3
328,15,3
328,16,4
328,17,4
328,18,4
328,19,4
328,20,4
328,21,3
328,22,3
329,1,1
329,2,1
329,3,2
329,4,1
329,5,2
329,6,1
329,7,1
329,8,2
329,9,2
329,10,2
329,11,2
329,12,2
329,13,1
329,14,2
329,15,1
329,16,2
329,17,2
329,18,1
329,19,1
329,20,2
329,21,1
329,22,1
330,1,1
330,2,1
330,3,3
330,4,2
330,5,3
330,6,3
330,7,2
330,8,2
330,9,1
330,10,2
330,11,1
330,12,2
330,13,1
330,14,2
330,15,1
330,16,2
330,17,1
330,18,1
330,19,2
330,20,3
330,21,2
330,22,2
331,1,1
331,2,2
331,3,3
331,4,2
331,5,1
331,6,1
331,7,1
331,8,2
331,9,1
331,10,2
331,11,1
331,12,2
331,13,1
331,14,1
331,15,2
331,16,1
331,17,1
331,18,1
331,19,1
331,20,1
331,21,1
331,22,1
332,1,1
332,2,3
332,3,2
332,4,3
332,5,2
332,6,3
332,7,3
332,8,2
332,9,2
332,10,1
332,11,2
332,12,2
332,13,3
332,14,1
332,15,2
332,16,2
332,17,1
332,18,1
332,19,3
332,20,1
332,21,3
332,22,2
333,1,2
333,2,1
333,3,2
333,4,2
333,5,1
333,6,1
333,7,2
333,8,2
333,9,3
333,10,1
333,11,2
333,12,2
333,13,3
333,14,1
333,15,2
333,16,2
333,17,2
333,18,2
333,19,2
333,20,1
333,21,3
333,22,2
334,1,3
334,2,2
334,3,3
334,4,2
334,5,2
334,6,3
334,7,2
334,8,2
334,9,3
334,10,2
334,11,2
334,12,1
334,13,2
334,14,2
334,15,3
334,16,2
334,17,2
334,18,3
334,19,3
334,20,2
334,21,3
334,22,2
335,1,1
335,2,2
335,3,1
335,4,3
335,5,1
335,6,2
335,7,2
335,8,2
335,9,1
335,10,2
335,11,1
335,12,1
335,13,2
335,14,3
335,15,1
335,16,2
335,17,1
335,18,2
335,19,2
335,20,2
335,21,2
335,22,1
336,1,1
336,2,3
336,3,1
336,4,1
336,5,2
336,6,1
336,7,1
336,8,1
336,9,2
336,10,2
336,11,1
336,12,2
336,13,1
336,14,2
336,15,1
336,16,2
336,17,1
336,18,2
336,19,1
336,20,1
336,21,2
336,22,2
337,1,3
337,2,2
337,3,2
337,4,2
337,5,2
337,6,3
337,7,2
337,8,2
337,9,2
337,10,2
337,11,3
337,12,2
337,13,2
337,14,2
337,15,2
337,16,1
337,17,2
337,18,3
337,19,2
337,20,2
337,21,1
337,22,2
338,1,3
338,2,2
338,3,2
338,4,3
338,5,4
338,6,2
338,7,3
338,8,2
338,9,3
338,10,2
338,11,2
338,12,3
338,13,1
338,14,3
338,15,1
338,16,2
338,17,2
338,18,2
338,19,2
338,20,3
338,21,3
338,22,2
339,1,2
339,2,2
339,3,3
339,4,2
339,5,4
339,6,3
339,7,2
339,8,2
339,9,3
339,10,3
339,11,2
339,12,3
339,13,2
339,14,4
339,15,2
339,16,1
339,17,3
339,18,2
339,19,3
339,20,3
339,21,2
339,22,3
340,1,3
340,2,2
340,3,2
340,4,3
340,5,3
340,6,1
340,7,2
340,8,4
340,9,2
340,10,3
340,11,1
340,12,2
340,13,3
340,14,3
340,15,3
340,16,4
340,17,3
340,18,3
340,19,3
340,20,3
340,21,2
340,22,2
341,1,2
341,2,2
341,3,2
341,4,3
341,5,2
341,6,3
341,7,1
341,8,3
341,9,3
341,10,2
341,11,1
341,12,2
341,13,2
341,14,3
341,15,2
341,16,2
341,17,2
341,18,1
341,19,1
341,20,2
341,21,2
341,22,2
342,1,2
342,2,1
342,3,1
342,4,1
342,5,2
342,6,2
342,7,2
342,8,2
342,9,1
342,10,1
342,11,1
342,12,1
342,13,1
342,14,2
342,15,1
342,16,3
342,17,1
342,18,1
342,19,2
342,20,2
342,21,2
342,22,1
343,1,2
343,2,1
343,3,1
343,4,2
343,5,3
343,6,3
343,7,3
343,8,2
343,9,2
343,10,2
343,11,3
343,12,1
343,13,2
343,14,2
343,15,2
343,16,2
343,17,2
343,18,3
343,19,2
343,20,2
343,21,2
343,22,2
344,1,2
344,2,1
344,3,1
344,4,2
344,5,2
344,6,2
344,7,2
344,8,2
344,9,1
344,10,2
344,11,1
344,12,2
344,13,1
344,14,2
344,15,1
344,16,1
344,17,1
344,18,1
344,19,1
344,20,4
344,21,2
344,22,2
345,1,1
345,2,2
345,3,4
345,4,2
345,5,4
345,6,2
345,7,1
345,8,2
345,9,1
345,10,3
345,11,1
345,12,3
345,13,2
345,14,3
345,15,2
345,16,3
345,17,1
345,18,1
345,19,2
345,20,3
345,21,2
345,22,1
346,1,2
346,2,2
346,3,1
346,4,1
346,5,2
346,6,2
346,7,1
346,8,2
346,9,3
346,10,2
346,11,1
346,12,2
346,13,1
346,14,2
346,15,1
346,16,1
346,17,2
346,18,1
346,19,1
346,20,1
346,21,1
346,22,2
347,1,3
347,2,2
347,3,2
347,4,3
347,5,2
347,6,3
347,7,2
347,8,2
347,9,2
347,10,2
347,11,4
347,12,3
347,13,2
347,14,2
347,15,2
347,16,2
347,17,3
347,18,2
347,19,3
347,20,2
347,21,1
347,22,2
348,1,1
348,2,2
348,3,1
348,4,4
348,5,3
348,6,3
348,7,1
348,8,2
348,9,1
348,10,3
348,11,3
348,12,3
348,13,2
348,14,3
348,15,3
348,16,3
348,17,2
348,18,1
348,19,2
348,20,2
348,21,1
348,22,2
349,1,3
349,2,2
349,3,3
349,4,2
349,5,2
349,6,1
349,7,1
349,8,2
349,9,2
349,10,3
349,11,1
349,12,3
349,13,2
349,14,3
349,15,2
349,16,3
349,17,2
349,18,2
349,19,2
349,20,2
349,21,1
349,22,1
350,1,1
350,2,1
350,3,1
350,4,1
350,5,1
350,6,1
350,7,2
350,8,1
350,9,1
350,10,2
350,11,1
350,12,1
350,13,1
350,14,3
350,15,1
350,16,1
350,17,1
350,18,1
350,19,1
350,20,1
350,21,1
350,22,1
351,1,1
351,2,2
351,3,1
351,4,1
351,5,1
351,6,1
351,7,1
351,8,1
351,9,1
351,10,2
351,11,2
351,12,1
351,13,1
351,14,1
351,15,1
351,16,1
351,17,1
351,18,1
351,19,1
351,20,1
351,21,1
351,22,1
352,1,1
352,2,1
352,3,2
352,4,1
352,5,2
352,6,2
352,7,1
352,8,2
352,9,1
352,10,1
352,11,1
352,12,2
352,13,1
352,14,2
352,15,1
352,16,2
352,17,1
352,18,1
352,19,1
352,20,1
352,21,1
352,22,1
353,1,3
353,2,2
353,3,3
353,4,3
353,5,2
353,6,2
353,7,3
353,8,2
353,9,2
353,10,3
353,11,2
353,12,3
353,13,3
353,14,4
353,15,4
353,16,3
353,17,3
353,18,3
353,19,4
353,20,2
353,21,1
353,22,2
354,1,2
354,2,1
354,3,1
354,4,1
354,5,2
354,6,3
354,7,1
354,8,2
354,9,1
354,10,1
354,11,1
354,12,2
354,13,2
354,14,1
354,15,1
354,16,1
354,17,1
354,18,2
354,19,1
354,20,2
354,21,1
354,22,1
355,1,1
355,2,1
355,3,1
355,4,1
355,5,1
355,6,1
355,7,1
355,8,1
355,9,1
355,10,2
355,11,1
355,12,1
355,13,1
355,14,1
355,15,2
355,16,1
355,17,1
355,18,1
355,19,1
355,20,1
355,21,1
355,22,1
356,1,2
356,2,2
356,3,3
356,4,3
356,5,3
356,6,3
356,7,1
356,8,2
356,9,3
356,10,4
356,11,1
356,12,3
356,13,2
356,14,2
356,15,2
356,16,2
356,17,1
356,18,2
356,19,1
356,20,4
356,21,1
356,22,3
357,1,1
357,2,1
357,3,1
357,4,1
357,5,1
357,6,1
357,7,1
357,8,1
357,9,1
357,10,1
357,11,1
357,12,1
357,13,1
357,14,1
357,15,1
357,16,1
357,17,1
357,18,1
357,19,1
357,20,1
357,21,1
357,22,1
358,1,1
358,2,1
358,3,2
358,4,1
358,5,1
358,6,1
358,7,1
358,8,1
358,9,1
358,10,1
358,11,2
358,12,1
358,13,1
358,14,2
358,15,1
358,16,1
358,17,1
358,18,1
358,19,1
358,20,2
358,21,1
358,22,2
359,1,2
359,2,3
359,3,2
359,4,2
359,5,1
359,6,3
359,7,2
359,8,1
359,9,1
359,10,2
359,11,1
359,12,3
359,13,1
359,14,2
359,15,2
359,16,3
359,17,2
359,18,1
359,19,1
359,20,2
359,21,1
359,22,2
360,1,1
360,2,3
360,3,2
360,4,3
360,5,2
360,6,2
360,7,1
360,8,3
360,9,2
360,10,2
360,11,3
360,12,3
360,13,2
360,14,3
360,15,3
360,16,3
360,17,2
360,18,4
360,19,3
360,20,2
360,21,3
360,22,3
361,1,1
361,2,1
361,3,1
361,4,1
361,5,1
361,6,1
361,7,1
361,8,1
361,9,1
361,10,2
361,11,1
361,12,2
361,13,1
361,14,1
361,15,1
361,16,1
361,17,1
361,18,1
361,19,1
361,20,1
361,21,2
361,22,1
362,1,2
362,2,1
362,3,1
362,4,2
362,5,2
362,6,1
362,7,1
362,8,1
362,9,1
362,10,1
362,11,1
362,12,2
362,13,1
362,14,2
362,15,1
362,16,2
362,17,2
362,18,1
362,19,1
362,20,2
362,21,2
362,22,2
363,1,1
363,2,1
363,3,3
363,4,2
363,5,1
363,6,2
363,7,3
363,8,2
363,9,1
363,10,2
363,11,2
363,12,2
363,13,2
363,14,2
363,15,2
363,16,2
363,17,1
363,18,1
363,19,2
363,20,3
363,21,3
363,22,1
364,1,1
364,2,2
364,3,3
364,4,1
364,5,2
364,6,2
364,7,3
364,8,3
364,9,2
364,10,3
364,11,2
364,12,3
364,13,2
364,14,3
364,15,3
364,16,2
364,17,3
364,18,1
364,19,1
364,20,2
364,21,2
364,22,2
365,1,1
365,2,1
365,3,1
365,4,1
365,5,1
365,6,1
365,7,1
365,8,1
365,9,1
365,10,1
365,11,1
365,12,1
365,13,1
365,14,1
365,15,1
365,16,1
365,17,1
365,18,1
365,19,1
365,20,1
365,21,1
365,22,1
366,1,3
366,2,1
366,3,4
366,4,4
366,5,2
366,6,4
366,7,2
366,8,3
366,9,2
366,10,4
366,11,2
366,12,3
366,13,3
366,14,3
366,15,2
366,16,3
366,17,3
366,18,1
366,19,2
366,20,3
366,21,2
366,22,2
367,1,2
367,2,1
367,3,2
367,4,1
367,5,3
367,6,3
367,7,2
367,8,2
367,9,1
367,10,2
367,11,2
367,12,2
367,13,1
367,14,2
367,15,2
367,16,2
367,17,1
367,18,2
367,19,2
367,20,2
367,21,2
367,22,1
368,1,2
368,2,2
368,3,2
368,4,2
368,5,2
368,6,2
368,7,2
368,8,2
368,9,2
368,10,2
368,11,2
368,12,2
368,13,1
368,14,3
368,15,2
368,16,2
368,17,3
368,18,1
368,19,3
368,20,3
368,21,3
368,22,2
369,1,2
369,2,1
369,3,2
369,4,3
369,5,2
369,6,2
369,7,2
369,8,2
369,9,2
369,10,2
369,11,3
369,12,2
369,13,2
369,14,2
369,15,2
369,16,2
369,17,2
369,18,4
369,19,2
369,20,2
369,21,2
369,22,2
370,1,1
370,2,2
370,3,1
370,4,1
370,5,2
370,6,1
370,7,1
370,8,2
370,9,1
370,10,1
370,11,1
370,12,1
370,13,1
370,14,1
370,15,1
370,16,1
370,17,1
370,18,1
370,19,1
370,20,2
370,21,1
370,22,1
371,1,1
371,2,2
371,3,1
371,4,1
371,5,2
371,6,2
371,7,1
371,8,1
371,9,1
371,10,3
371,11,1
371,12,2
371,13,1
371,14,2
371,15,2
371,16,1
371,17,1
371,18,2
371,19,1
371,20,2
371,21,2
371,22,1
372,1,2
372,2,2
372,3,3
372,4,3
372,5,3
372,6,2
372,7,2
372,8,2
372,9,2
372,10,3
372,11,1
372,12,2
372,13,1
372,14,2
372,15,1
372,16,1
372,17,1
372,18,2
372,19,2
372,20,1
372,21,2
372,22,1
373,1,1
373,2,2
373,3,1
373,4,2
373,5,1
373,6,1
373,7,1
373,8,2
373,9,2
373,10,2
373,11,1
373,12,1
373,13,1
373,14,1
373,15,2
373,16,1
373,17,2
373,18,1
373,19,2
373,20,2
373,21,2
373,22,1
374,1,1
374,2,2
374,3,1
374,4,1
374,5,3
374,6,1
374,7,1
374,8,1
374,9,1
374,10,2
374,11,1
374,12,1
374,13,1
374,14,2
374,15,1
374,16,2
374,17,1
374,18,1
374,19,1
374,20,3
374,21,2
374,22,2
375,1,1
375,2,1
375,3,1
375,4,1
375,5,2
375,6,2
375,7,1
375,8,1
375,9,1
375,10,1
375,11,1
375,12,1
375,13,1
375,14,2
375,15,1
375,16,1
375,17,1
375,18,1
375,19,2
375,20,2
375,21,1
375,22,1
376,1,1
376,2,1
376,3,2
376,4,1
376,5,1
376,6,1
376,7,1
376,8,1
376,9,1
376,10,1
376,11,1
376,12,2
376,13,1
376,14,1
376,15,1
376,16,1
376,17,1
376,18,1
376,19,2
376,20,1
376,21,1
376,22,1
377,1,2
377,2,2
377,3,2
377,4,2
377,5,3
377,6,2
377,7,3
377,8,2
377,9,3
377,10,3
377,11,3
377,12,2
377,13,3
377,14,2
377,15,2
377,16,2
377,17,2
377,18,2
377,19,2
377,20,2
377,21,3
377,22,1
378,1,1
378,2,1
378,3,1
378,4,1
378,5,2
378,6,1
378,7,1
378,8,1
378,9,1
378,10,1
378,11,1
378,12,2
378,13,1
378,14,1
378,15,2
378,16,1
378,17,1
378,18,1
378,19,1
378,20,2
378,21,1
378,22,1
379,1,1
379,2,1
379,3,1
379,4,1
379,5,2
379,6,1
379,7,1
379,8,1
379,9,1
379,10,2
379,11,1
379,12,2
379,13,1
379,14,1
379,15,1
379,16,1
379,17,1
379,18,1
379,19,1
379,20,2
379,21,1
379,22,1
380,1,1
380,2,1
380,3,2
380,4,2
380,5,1
380,6,1
380,7,1
380,8,1
380,9,1
380,10,1
380,11,1
380,12,1
380,13,2
380,14,2
380,15,1
380,16,2
380,17,1
380,18,1
380,19,1
380,20,1
380,21,1
380,22,2
381,1,2
381,2,2
381,3,2
381,4,2
381,5,1
381,6,1
381,7,2
381,8,2
381,9,2
381,10,1
381,11,2
381,12,2
381,13,3
381,14,2
381,15,1
381,16,2
381,17,2
381,18,2
381,19,1
381,20,2
381,21,2
381,22,2
382,1,2
382,2,3
382,3,3
382,4,2
382,5,2
382,6,3
382,7,2
382,8,3
382,9,2
382,10,3
382,11,3
382,12,3
382,13,2
382,14,3
382,15,2
382,16,3
382,17,3
382,18,3
382,19,2
382,20,3
382,21,1
382,22,2
383,1,1
383,2,2
383,3,1
383,4,1
383,5,2
383,6,2
383,7,3
383,8,1
383,9,2
383,10,3
383,11,3
383,12,2
383,13,2
383,14,1
383,15,2
383,16,1
383,17,2
383,18,2
383,19,1
383,20,1
383,21,2
383,22,1
384,1,2
384,2,2
384,3,2
384,4,2
384,5,2
384,6,1
384,7,2
384,8,1
384,9,3
384,10,2
384,11,2
384,12,2
384,13,1
384,14,3
384,15,1
384,16,1
384,17,2
384,18,2
384,19,3
384,20,3
384,21,2
384,22,1
385,1,2
385,2,2
385,3,1
385,4,1
385,5,2
385,6,2
385,7,2
385,8,1
385,9,1
385,10,2
385,11,2
385,12,2
385,13,2
385,14,3
385,15,2
385,16,1
385,17,2
385,18,2
385,19,2
385,20,2
385,21,1
385,22,1
386,1,1
386,2,1
386,3,1
386,4,1
386,5,1
386,6,1
386,7,1
386,8,1
386,9,1
386,10,2
386,11,1
386,12,1
386,13,1
386,14,2
386,15,1
386,16,1
386,17,1
386,18,1
386,19,1
386,20,2
386,21,1
386,22,1
387,1,3
387,2,3
387,3,2
387,4,2
387,5,3
387,6,3
387,7,3
387,8,3
387,9,3
387,10,2
387,11,2
387,12,3
387,13,3
387,14,3
387,15,3
387,16,3
387,17,4
387,18,2
387,19,3
387,20,3
387,21,3
387,22,2
388,1,2
388,2,3
388,3,2
388,4,2
388,5,3
388,6,3
388,7,2
388,8,2
388,9,1
388,10,3
388,11,2
388,12,2
388,13,1
388,14,3
388,15,2
388,16,2
388,17,3
388,18,2
388,19,2
388,20,2
388,21,1
388,22,2
389,1,1
389,2,1
389,3,1
389,4,1
389,5,2
389,6,2
389,7,2
389,8,1
389,9,1
389,10,2
389,11,1
389,12,1
389,13,1
389,14,1
389,15,2
389,16,1
389,17,1
389,18,1
389,19,1
389,20,3
389,21,1
389,22,1
390,1,4
390,2,3
390,3,2
390,4,3
390,5,3
390,6,4
390,7,3
390,8,3
390,9,3
390,10,3
390,11,2
390,12,4
390,13,3
390,14,4
390,15,4
390,16,3
390,17,4
390,18,3
390,19,4
390,20,4
390,21,3
390,22,3
391,1,2
391,2,3
391,3,2
391,4,3
391,5,2
391,6,2
391,7,1
391,8,3
391,9,1
391,10,3
391,11,2
391,12,4
391,13,3
391,14,4
391,15,2
391,16,2
391,17,3
391,18,1
391,19,3
391,20,3
391,21,3
391,22,2
392,1,3
392,2,2
392,3,2
392,4,3
392,5,2
392,6,2
392,7,1
392,8,2
392,9,1
392,10,2
392,11,2
392,12,3
392,13,2
392,14,2
392,15,1
392,16,2
392,17,2
392,18,1
392,19,2
392,20,3
392,21,1
392,22,1
393,1,1
393,2,1
393,3,1
393,4,1
393,5,1
393,6,1
393,7,1
393,8,1
393,9,1
393,10,1
393,11,1
393,12,1
393,13,1
393,14,1
393,15,1
393,16,1
393,17,1
393,18,1
393,19,1
393,20,1
393,21,1
393,22,1
394,1,1
394,2,1
394,3,1
394,4,2
394,5,1
394,6,2
394,7,1
394,8,1
394,9,1
394,10,1
394,11,1
394,12,1
394,13,1
394,14,1
394,15,1
394,16,1
394,17,1
394,18,1
394,19,1
394,20,2
394,21,1
394,22,1
395,1,3
395,2,1
395,3,2
395,4,2
395,5,2
395,6,3
395,7,2
395,8,2
395,9,3
395,10,2
395,11,2
395,12,3
395,13,2
395,14,3
395,15,1
395,16,3
395,17,2
395,18,2
395,19,2
395,20,2
395,21,2
395,22,1
396,1,2
396,2,2
396,3,3
396,4,3
396,5,3
396,6,4
396,7,2
396,8,4
396,9,2
396,10,4
396,11,2
396,12,4
396,13,3
396,14,3
396,15,1
396,16,4
396,17,2
396,18,3
396,19,2
396,20,4
396,21,2
396,22,3
397,1,2
397,2,2
397,3,3
397,4,3
397,5,3
397,6,4
397,7,2
397,8,3
397,9,1
397,10,3
397,11,1
397,12,3
397,13,2
397,14,2
397,15,2
397,16,3
397,17,2
397,18,2
397,19,2
397,20,2
397,21,2
397,22,1
398,1,1
398,2,1
398,3,1
398,4,1
398,5,1
398,6,1
398,7,1
398,8,1
398,9,1
398,10,1
398,11,1
398,12,1
398,13,1
398,14,1
398,15,1
398,16,1
398,17,1
398,18,1
398,19,1
398,20,1
398,21,1
398,22,1
399,1,2
399,2,2
399,3,4
399,4,3
399,5,4
399,6,2
399,7,3
399,8,2
399,9,3
399,10,3
399,11,2
399,12,3
399,13,2
399,14,2
399,15,2
399,16,2
399,17,2
399,18,3
399,19,2
399,20,3
399,21,2
399,22,3
